User,Events
3044012,"[1502284248, 1532377761]"
4236494,"[799782433, 152418051, 110357109, 823015621]"
5574997,"[1423412400, 1116957623]"
7547671,"[1500808029]"
10329108,"[600752472, 40254649]"
13301498,"[2198969023, 2401458775]"
14411090,"[3956443206]"
15469418,"[445373500, 3794224297]"
19283444,"[3610133881, 312133462, 3166529318]"
20041353,"[185968523, 25669535]"
22840021,"[2597139611, 1359259009]"
23150045,"[2126750158, 3328980614, 1373703897]"
23170479,"[3985899647, 861118590, 1390707377]"
24978365,"[2624370380, 1233165674]"
26389537,"[2529072432]"
28806872,"[3928440935, 915403718]"
33930603,"[1807884467, 55071868, 2590444754]"
33966018,"[1452693270, 654190097, 2608593001, 4182465191]"
38974975,"[1532377761, 3632072502, 2782403445]"
38985694,"[3028393247, 2414905031, 297891426, 364913652, 1466022381]"
41934198,"[2736696425, 218126976, 156353771, 2949402180, 2123370960]"
43026617,"[1597380017, 899234866]"
45139176,"[1488068589, 2806565970, 703370904]"
47659843,"[3084982208, 810618772, 1269035551, 1551188772, 1465929077]"
48380986,"[4125754193]"
50457238,"[3309338938, 1816813281, 2007279414, 2149464820]"
51165908,"[1294433853, 1862794029, 3875424137, 602394192, 3017074183]"
61814256,"[3731945988]"
65801702,"[3781958177, 3751969407, 1214605379, 3127693636]"
66260844,"[4259189014, 846069276, 2805037878, 3558623308]"
67249956,"[4125420656, 1501679119]"
69302861,"[4236404112, 1140161058]"
70152834,"[1421349430, 2529072432, 2811190711, 1532377761]"
70585535,"[3486313858, 1091130052]"
71688472,"[2110243278]"
72298333,"[2498491194, 614885637, 2007279414]"
73288922,"[3413747696]"
78065188,"[2304240389]"
80379054,"[183271526, 2140447500, 1396454425, 3850950041]"
81458678,"[61894853, 4228684171, 956438727, 3818735309, 3980699306]"
82610705,"[559618821]"
82923911,"[1488068589, 1868735086, 150148297, 1461387354]"
85640691,"[1604093765]"
88554519,"[570345153, 1793386378, 1061559786]"
91139927,"[907302600, 2401458775]"
92410554,"[4093857686, 714391510, 3602808603]"
95170590,"[1690420493, 3416874251, 1760953513, 1600413013, 553400622, 3751042480]"
96542289,"[802414638, 3419710650, 3033099568, 779179812, 1893384353, 3841696821, 160567780, 3339581566, 1292154219, 2355101450, 3555202073, 737340986]"
96931058,"[4167379270, 3084829721, 2045413792, 1133385189]"
97374877,"[3129504825, 1973916091, 2071837302]"
98054194,"[3681999765, 1494513322]"
102981257,"[3255028579, 3476135728, 2460207561, 2892792634]"
107783241,"[273094339]"
110310789,"[1613656858]"
111840914,"[3858223520, 1600413013, 955398943, 1532377761]"
120053518,"[2282291531, 955398943, 1600413013, 1155472355]"
121528378,"[615488222, 897667289, 2126954914, 1267918307]"
121856257,"[215555826, 3795440624, 514409959]"
122826603,"[2719491342]"
127904873,"[2610494844]"
128723876,"[3275948662, 349771745, 1476388256]"
135706634,"[4203627753, 1395574268]"
139210489,"[3911341942, 1396446223, 1485887263, 666088517]"
140576550,"[471488113]"
147852768,"[622003251, 3773489407, 3199229320, 1588010656, 3289683998, 2865762984]"
156079457,"[4181743367]"
156584666,"[1114350408, 3707221338]"
156603823,"[2007279414]"
158531231,"[1641491432, 2529072432]"
160071273,"[1597380017, 2428145712, 3509100603]"
166685992,"[326664129, 2429379784, 3395117104]"
167200370,"[2379850649]"
168764910,"[2153037761, 432466438, 13620896]"
171842881,"[2794244676, 1532377761, 1561139627, 915097673, 2808705599]"
174994783,"[1047407539]"
178517662,"[529900443, 3556644095, 771655154]"
180779799,"[645163767, 42193426, 1129446757]"
183275855,"[2051603944]"
184140061,"[2784495571, 1786302939, 3601196821, 1220666503, 3643004825]"
185422302,"[3167570493]"
187910813,"[955398943]"
193113796,"[3416255093, 1833797882]"
193158441,"[1076364848, 1269035551]"
193920233,"[4144431463, 2556887095]"
194257626,"[2929324744, 51230207, 2337799990]"
195973264,"[2034155627]"
197344023,"[3276213471]"
197704997,"[834360181]"
199120737,"[3096327312, 3807386691]"
199379035,"[1390707377, 2529072432]"
203050907,"[1699663431, 844299203, 705007381, 2529072432, 4100712234, 2860418664, 1797828094, 861118590]"
203456139,"[4242816413, 498238691, 745914541]"
204568422,"[96230245, 126497153, 1796930021]"
206173756,"[239276659, 1549996522, 1677401781]"
210296799,"[4139300008]"
210626346,"[690652273, 1718853706]"
217443195,"[1056047835]"
220184636,"[1421267283, 3994391682, 4290732626]"
221442949,"[1044854627, 1600413013, 2252007144]"
223870698,"[2375103731]"
236194065,"[3929507420]"
238446352,"[2806565970]"
240018991,"[952519340, 3849306291, 1269035551, 1076364848]"
240521211,"[990256291]"
242262473,"[3434717258, 353933726]"
244644122,"[152418051, 1845786756, 823015621]"
245442083,"[1361307272, 2529072432, 633659090]"
246547106,"[2859654056, 1771863286]"
247769793,"[4260837785, 1919281202, 4184715643, 3774220029, 1336517851]"
248375618,"[519767743, 1256540913]"
248805577,"[1203717384]"
249577815,"[1676394036, 2582794582, 3710620111, 862876550, 3403413215, 2628408888, 3089404904]"
249918369,"[4201499448, 2355910668]"
252627634,"[753115138, 2870286789]"
254306319,"[1132221750, 1926063341]"
255311196,"[2947047490, 2568338180]"
256692717,"[633659090]"
261990895,"[3542075399, 2038842201, 1306613841, 3111155015, 3320505228, 1267316763, 125067550, 745914541]"
265142861,"[3799675359, 1361358532, 3280467847, 198034189, 1265872170, 1564617242]"
265682801,"[423286334, 3634298859, 1310511988, 4238847438]"
267902048,"[2007279414, 2073609284, 910169576, 1269035551, 516796945]"
272165392,"[1850381877, 1619013260, 501560870]"
272886293,"[2237504401, 3926022702, 1428612515, 1361741648, 1532377761, 3264448398, 3655295959, 899419077]"
275264384,"[2401458775, 2245352316, 1306257783]"
279323206,"[3776957253, 3048578499, 1203717384, 268233790]"
279699155,"[738179988]"
280410144,"[292829502, 3735036412, 1600413013, 1063306856]"
280995052,"[745172514, 3662570226]"
282487230,"[2520855981, 1019056837, 709247293, 1819204552]"
282914818,"[1816813281, 1469291456, 2007279414]"
283716061,"[1076364848]"
286293491,"[1891264305]"
292322045,"[2059769837]"
292529766,"[44776435]"
296126900,"[955398943]"
296271448,"[2509086570, 2218325768]"
304983697,"[1133385189, 1530709861, 666750527]"
305160382,"[2428305873, 198166767, 1404500601, 1267918307, 2214608095]"
306153925,"[2477995738, 1664973072, 2657802620]"
306422496,"[1862794029, 1921897790]"
307071731,"[1269035551]"
307271704,"[3498692897, 4244463632]"
309131167,"[2645301517]"
310296684,"[616825218, 3266414126]"
310846555,"[2658555390, 2500726913, 126497153]"
314484928,"[1111361846]"
320000323,"[1146784351, 2274328264]"
321386359,"[4147703743]"
322814221,"[2937515293]"
326930040,"[33704537, 2794778207, 947356866, 2794778207, 3078913176, 33704537, 973619334]"
327414596,"[2529072432, 771676713, 1361307272, 1600413013]"
328922601,"[4039875661, 866923839]"
331502829,"[952519340]"
331982192,"[1269035551, 268233790, 2007279414, 3309338938]"
333508463,"[1269035551, 2007279414, 3849306291]"
335269852,"[3314895954, 2763790767, 3972241879, 1527128646]"
336493147,"[2281874957, 3454377311, 100652122]"
338395830,"[1350220187, 3705342940, 3271037126, 2764878573]"
341641838,"[540727848, 2539026679]"
344313409,"[4150303789, 3272296205, 1636447356, 3040935776, 37732239]"
344906444,"[3982608480, 2173952737, 955398943]"
350964414,"[797378040, 3150166466]"
351313256,"[406835364, 3710884082, 1868735086]"
351713549,"[1600413013, 221202458]"
351801772,"[1709219406, 2101852818]"
352769719,"[2883057132, 2633697384, 1963354961, 950733415, 2237079226]"
354026608,"[2120779072, 559618821]"
354974889,"[1997474791, 2123383525, 1764880922]"
358368837,"[1280269047, 1110231970, 2571460566, 2379850649]"
363257522,"[1209548026, 4089322861, 89901423]"
363577443,"[1163794760]"
364700925,"[1343845939, 3176591677]"
366365683,"[4193610911, 1294433853]"
373631588,"[666088517, 1485887263]"
374464774,"[496131340, 1647310583]"
374950100,"[3833990162, 1834446103, 1625043970]"
377835263,"[2639332741]"
379327893,"[1105080022]"
381155306,"[1488068589, 2415873572]"
382550204,"[58362757, 3392885130, 3201007806, 4255760117]"
383587770,"[3509100603, 823015621]"
384269001,"[1074417398, 931943556, 2961046023, 2152454837]"
384932005,"[821546192, 633659090]"
386145959,"[1696929787, 804483110, 2046133166]"
392706219,"[3581275802, 254691415, 2030801280]"
393035612,"[2422997693, 2658555390, 2180806657]"
393817534,"[4232178887]"
395305791,"[930199924, 35305848, 3181376237, 3809657858, 3139200527, 1582270949, 4338728, 2996418672]"
395811323,"[1076364848, 1269035551, 268233790]"
396929851,"[766543687]"
397493741,"[1390707377, 3175909186]"
398134674,"[3048578499, 2073609284, 1816813281]"
403467810,"[3849306291, 2498491194, 2418142030, 2007279414]"
411205694,"[2149464820, 2007279414]"
411622998,"[1217021374, 1642696482, 3440289078]"
413292015,"[1749018134, 2490299454, 2522645669, 1700620877, 4077852091, 3036332464]"
413881487,"[3946614613, 1734883207, 3258819416]"
419456233,"[3807386691, 4025975316, 2989906553, 3809972731, 3376874101, 3096327312, 965900163]"
419778061,"[861118590, 1600413013, 2070844001, 1033421355, 955398943]"
422002690,"[1850381877, 3374746454]"
422699736,"[955398943, 740982915]"
423256429,"[941853303, 243898074]"
427369081,"[519818482, 750506418]"
427471768,"[771676713, 955398943, 2529072432]"
429489211,"[2389263741, 907302600, 1332759137]"
431015679,"[3163258205, 1566716821, 645163767, 3934491209]"
437050836,"[1238456614, 1646190542]"
439279583,"[1506044723, 3565166403]"
439316726,"[1423412400, 1116957623]"
439366650,"[952519340, 3849306291]"
439507113,"[3288255289]"
441103517,"[3519129293, 3502397803, 2529072432]"
441391794,"[3309338938, 1076364848]"
443655774,"[4199166902, 1134192019, 251227584]"
443931185,"[906914792, 2454980175]"
445442743,"[1031579616, 2936735895, 2287546267]"
447244169,"[2095085551]"
447504709,"[612496662, 827682864, 2728427768]"
451317840,"[1434013231, 2570246824, 1185540477, 4042567266]"
453809966,"[1832462541]"
458097400,"[3034533222, 1021221971, 1111636382, 750931934, 45797935]"
458389001,"[3569923325, 1097128892, 74074378]"
458848274,"[612496662, 216226519, 1829117208]"
460608021,"[3254529235, 2018733266, 3764071536, 2944185408, 2032864503, 4058319046]"
466698547,"[3790866767, 1630022509]"
467001379,"[3279689124, 3701547443, 2692353077, 1039136952]"
469837401,"[466258678, 860542786]"
475620820,"[2952744705]"
476865227,"[2732810444, 4063419559, 2304610871, 488329448]"
481236042,"[4160984650, 2769673204]"
483332100,"[407288007, 1238533876]"
486162423,"[642644408, 61104529, 633659090, 1530709861, 2047026922]"
486871070,"[4136385770, 1776393554, 642644408]"
488389895,"[1332759137]"
489170488,"[3345858125, 3232656056]"
490500468,"[1781986615, 3276897540, 2611754657, 3863879024, 353933726]"
491263047,"[1245942866, 2628680570]"
491792092,"[175933138]"
492612031,"[292829502]"
495379217,"[1241270051, 2806565970]"
496936219,"[268233790]"
500857618,"[3908675397, 889355158, 3930077968, 3779243813]"
507847098,"[2384544175, 1361307272, 602394192, 771676713]"
508837021,"[1550429882, 1045343006, 1721071411, 895171477, 3643257179]"
515567373,"[3041724882, 2229810859, 1951697386]"
516110926,"[3188235554, 2460426930, 238236954, 3491186803, 3119717504, 2067723665]"
516353916,"[1151525474, 1902753965]"
516841937,"[3170422433, 3091734711]"
517270916,"[449479385, 3477624372, 2962436572]"
517357553,"[1602985981, 3298251587]"
522776668,"[3692401116, 407061424, 2611754657]"
527523423,"[4176588019, 1974374931, 1616400535]"
528218683,"[2498491194, 1151525474, 2149464820]"
528289771,"[2713053749, 952519340]"
531662584,"[3002938758, 4277799248]"
531967718,"[526347239, 4135388683, 1390707377]"
532589341,"[1707508219, 3652056284, 2011797216, 639862177]"
535350558,"[2529072432, 955398943, 645163767, 3632072502]"
540360566,"[2992855622, 1836221047, 2206508128]"
544449933,"[2193311387]"
545289514,"[3594729381, 1781986615, 1494513322, 2902086072, 703370904, 3287340168]"
547259551,"[2567184413]"
550625442,"[4216835023, 3344442885, 1591959024]"
551538117,"[125067550, 2153037761]"
552316934,"[2860652622]"
555384690,"[53057326, 4242636115]"
555631167,"[3331152144, 1852872937]"
564641393,"[239276659]"
567534910,"[2039242702, 1757362667, 1829315138, 2371040033]"
567820539,"[1342732412, 1658604508, 3979329642, 2485000087, 1717235731, 1494095468, 495818697]"
568409249,"[2529072432, 221202458]"
569536605,"[1488068589]"
569826712,"[955398943, 1390707377]"
570405433,"[2321862754, 2013891492, 2928192183, 3459360961]"
571210795,"[3390105219, 1409394408]"
571415268,"[2970567256, 1594153489]"
576776993,"[3874696273, 1241297311, 650289472, 3047905054, 1635258225]"
580008340,"[268233790, 3776957253, 1269035551]"
584188387,"[3756962861, 887203538]"
588924229,"[1426337764]"
589091561,"[3819556308, 2959420950]"
589199943,"[719337372]"
591781953,"[3362121781, 1983888102, 812516824, 74229557]"
593799836,"[2981257562, 3458190779]"
596044827,"[1631256136, 3547892636, 2600301494]"
599144899,"[3632072502, 1968146304]"
601094182,"[4243222986, 1369355865]"
602317951,"[720977622, 743289246]"
602551909,"[1465929077, 1548058369]"
603763318,"[3816284328, 1942387906]"
604530209,"[2286155514, 955398943]"
605378672,"[2309311781, 2923175068]"
605903903,"[1872758613]"
608310969,"[3314895954, 1532377761, 2529072432]"
609331956,"[1198319209, 1218522841, 119334177]"
609630180,"[1043841273, 2023524125, 269461758]"
610133863,"[2793371951]"
612098420,"[1491291821, 1600849184]"
613604753,"[2325542576, 2415873572]"
613747359,"[2425916002]"
614599699,"[899234866, 2428145712]"
616227847,"[3871984634, 4198399270, 2828969498]"
618927177,"[2749997868, 1332882278, 1976211898, 3538983527]"
620032149,"[601021924, 3860040039]"
627948360,"[2355400133]"
630652349,"[1406344701, 88663689]"
631446479,"[1206747600, 1937970808]"
635462786,"[2872892494]"
637505307,"[1977909542, 4089322861]"
639250885,"[2831932384, 406159580, 2460207561, 2892792634, 2424637456]"
639409951,"[321596465, 1170112049]"
641678389,"[116335087, 2170473823]"
641836752,"[784366933, 308676347, 3979413296]"
642317092,"[1997109747, 761140108]"
645414373,"[2146934064, 3923438992]"
648931301,"[1190152428, 2007279414]"
649114603,"[1940779926, 1576680977, 806275357]"
651240040,"[3429508261]"
651258472,"[4213130405, 3469146752]"
653909548,"[3444116390, 2797207968, 3018072372, 3831365201, 578836029, 3068673644, 2354737755, 295859751]"
655721325,"[1205782315]"
659158929,"[3922480541, 898889852, 2155511798]"
659725808,"[3047285147, 2822187055, 955398943, 101008559]"
661151794,"[4098307380, 2427659174, 2427659174, 2162029283]"
661656054,"[1393751701, 1971956223, 1502205727]"
666534021,"[2460729759, 3659345285, 3413747696]"
673356819,"[1856036186, 2059769837, 1914791953]"
677048573,"[889355158, 939765972]"
677234912,"[2324438453]"
680402144,"[3768450121]"
681010476,"[3144013743, 44607617, 1597380017, 3281130769]"
681315287,"[252367593, 104363229]"
682721107,"[221202458, 2529072432, 600647841, 1532377761]"
686015101,"[2345968214, 3260945424, 1406192615, 4123308008]"
686151443,"[2401458775, 3676836672]"
687313787,"[1255629030, 1212947698]"
689225317,"[559618821, 196335814, 1488068589]"
689961313,"[3466523662, 4063842421]"
691831024,"[2548272502, 1667438718]"
694221975,"[1141864640, 2489566262]"
694709965,"[2518430453, 1709307139]"
699877746,"[1985321109, 1006601672, 202787484]"
700438783,"[2149464820, 2007279414, 268233790, 673098017]"
708073241,"[872813215, 1039136952]"
708262477,"[955398943, 2529072432, 1044854627]"
709445936,"[3171087633, 1463617028]"
712040216,"[2642707561, 2190369261]"
715159059,"[1536819364, 1213078967]"
722675569,"[703370904, 939765972]"
723110955,"[3897815885, 2236421139, 102026311, 1401528678, 1401528678, 1643443310, 3897815885, 3867573663, 1643443310]"
724483958,"[3611263082, 1268441808, 3392552803, 46300535]"
724978354,"[3771702746, 3046869585]"
725162516,"[1417567733]"
728332848,"[579777979, 317243602, 2877182292]"
732078356,"[2340895720, 3976146754, 1468984003, 3028497756, 1133783494, 4032908241, 2289758081]"
734292380,"[3991326635, 584463007, 1100211249, 4001306055]"
736262792,"[1205670273, 3441714081, 843844488]"
738324703,"[34564349, 3084875554, 3677852886]"
738525400,"[1037264024, 2287969079, 1036106136]"
743008535,"[4047436521]"
743802819,"[1397490059]"
747578727,"[2398192028, 1812117472, 2428145712, 823015621]"
749467696,"[2797281037]"
761616937,"[2490603461, 2130616732, 633659090, 907302600]"
763143562,"[2107263424]"
763694881,"[2007279414, 1269035551, 3309338938]"
769376177,"[2899306830]"
770526360,"[1269035551, 952519340, 268233790, 2098941988]"
776020237,"[3849306291, 3309338938]"
785251375,"[3838044081, 867953287, 2264041858]"
786776836,"[1205670273, 681990144, 3254991059, 3830416827, 4203571618]"
792037916,"[2221417081, 2279381833]"
793834125,"[3276213471, 1963354961, 955398943]"
793842953,"[3528426861, 1196882187]"
803166736,"[673098017, 1076364848]"
803991005,"[1985340464, 2046380547, 4211880721]"
809834239,"[1935724864, 1205670273]"
810608905,"[706761589, 1739904788, 1282392038, 3905915919, 2793983566]"
811791433,"[995181185, 3513954032]"
812299615,"[3388135408, 2094952127, 2489566262]"
814715283,"[244219005]"
818241254,"[4033252363]"
818504714,"[326664129, 353933726, 3681999765, 997439313]"
825875823,"[425733994, 955398943, 1706271997]"
826927178,"[2529072432, 955398943, 1600413013, 221202458, 1689486051]"
828445240,"[3626062159, 3633693318, 322679569]"
830686203,"[1891264305, 3595722243, 3341857073, 1355698802]"
836256116,"[3005548418]"
840865386,"[2998372996, 3531332626, 3408530820, 623791878]"
842198355,"[3968395368, 1133385189, 843570927]"
848363602,"[3477891691, 462519665, 98978060, 1371415647]"
848730816,"[1228296357]"
853658665,"[3679301219, 455812668, 1549014243, 2376501244]"
863771353,"[1333917247, 151129683, 1008778548]"
866032649,"[1865382064, 4262164602, 1354554247, 2611575896, 4058374704]"
869017322,"[4208643265, 2292780526]"
871177088,"[4043705370, 1589137785]"
873272013,"[1572334348, 3275248026, 3017293541, 2714876429]"
875145825,"[1361741648, 426238334]"
875823959,"[3767960965, 126225732, 1751377277]"
876103013,"[3619281406, 2131071291, 3166241555]"
880096064,"[2375399520]"
881544435,"[1116957623]"
883237232,"[2575303578, 3906504805]"
887085722,"[955398943, 1532377761]"
891035674,"[2982847299]"
893322374,"[2293975486]"
895925498,"[771676713, 2130616732, 2529072432]"
895967408,"[3944956311, 3503639871, 3669510320]"
898918449,"[1118457299, 3194641622]"
900679620,"[3849306291]"
900897870,"[1942387906, 825378558, 3652056284, 639862177]"
903486144,"[3949816728, 1962078959, 2614611034]"
904520689,"[753115138]"
905852095,"[1532377761, 1390707377, 3926022702]"
906981127,"[741936389, 2437756221]"
910947719,"[2715927267, 688459086, 4273848145, 4273848145, 2850127303]"
912476748,"[989190365]"
913235409,"[1044854627, 955398943, 1532377761]"
914476369,"[2007279414, 1116957623]"
915098649,"[2073609284, 2149464820, 2498491194, 1203717384]"
916547437,"[516796945, 810618772, 1270020700, 673098017, 1625021006, 2549322104]"
917421982,"[207321472, 1776393554]"
925172794,"[3327257991, 2806565970, 2828969498]"
931677473,"[700041279, 834246785]"
932480867,"[1190045109]"
932543338,"[1756649847, 2200684348]"
934187073,"[4177907021, 4248391618, 909491317]"
943483502,"[852362805, 458239303]"
947750317,"[3327259603, 2153037761]"
948275186,"[1672427463, 4163567434]"
959300591,"[3267347122, 3632072502]"
962338748,"[2958912432, 358699964]"
964607716,"[1597380017, 4203627753, 152418051, 2398192028]"
965181412,"[1048603511, 2046775840, 3583332424, 2020714090]"
967361915,"[1960789592]"
967988763,"[403097256]"
969572676,"[952519340, 2498491194]"
980272932,"[2848205164]"
981252249,"[1116957623]"
983894136,"[955398943, 3712976999, 2802832059]"
985245482,"[353933726]"
985547042,"[1542381330, 1902753965, 1269035551]"
986039272,"[771676713, 3245843888, 955398943, 3216974136, 2952943730, 1752177173]"
987701123,"[1865069375]"
988160405,"[1203717384, 268233790, 3849306291, 1816813281]"
988213942,"[3712976999, 907302600]"
990116823,"[4136385770, 3888550683, 1948602073, 2020531758, 3754239356]"
990496397,"[1728846117]"
995603012,"[1427394700, 1766992061]"
996222490,"[3980841936, 1896968816, 290465119, 3674776256]"
1000293064,"[3183605169, 3429508261]"
1006838695,"[3047285147]"
1008893291,"[1115453150, 305917146, 1516820536]"
1011223331,"[1499053881, 1238006360, 627841864]"
1016040879,"[2007279414, 1203717384]"
1016099896,"[1401946527, 357251280]"
1017178142,"[2637502484, 2130397423]"
1017536864,"[3150441220, 1159994451, 3358064160]"
1018886228,"[2520169151, 1862794029, 955398943, 141747067]"
1023714879,"[2475317774, 3692401116]"
1023717643,"[3687063164, 1390707377, 719337372, 645163767]"
1027250316,"[3100757952]"
1027766032,"[1611840162, 1536819364]"
1030441254,"[3874363313, 1117746020, 2743813328, 727714452, 104607440, 3698731704, 2020205490]"
1038182690,"[1269035551, 3005193781, 2149464820]"
1038432983,"[3914593969, 2144881822, 1145694713, 3106649251]"
1039126403,"[1269035551, 268233790, 2007279414, 1076364848]"
1044078286,"[2529072432]"
1044598291,"[1151525474, 1076364848, 2007279414]"
1047741032,"[3506737502]"
1048933817,"[910169576, 2007279414]"
1053832375,"[2529072432, 1600413013, 3728112255]"
1055981550,"[2149464820, 3309338938, 3849306291]"
1058920791,"[3817357694, 1270918313, 3353891431, 374730154]"
1060557660,"[1600413013]"
1060747655,"[1180987071, 2677849552, 2350533042, 2258490433]"
1063337028,"[396853098, 739733335]"
1063393664,"[821614261, 360093292, 2740039921]"
1066906993,"[4008578027, 2922254733, 3788868841]"
1067164735,"[4085649365, 612529118, 1986487861, 560848526, 1665286634, 1098863093, 1344083815, 449812514, 237764772, 2384254802, 3457347530, 1722968298, 3865317184, 1094725860, 3708910341, 2657070627]"
1069507870,"[3251813967, 823015621]"
1071319145,"[2186630028, 1124054232, 3601196821]"
1072041355,"[2728427768, 2828760406]"
1072368701,"[110357109, 4203627753, 3339219031]"
1073821707,"[955398943, 1245050522, 2529072432, 1089819483, 2093319113]"
1073831349,"[1343164833, 3326402541]"
1075126714,"[2091251917, 530014408, 1333188058, 4013025273, 2447396369, 1456576726, 404584045, 1975638328, 584811498]"
1075375005,"[299923852, 2964716956, 352549477, 1243481310]"
1075504486,"[1544421101]"
1076497247,"[3427445292, 1711893150, 2053952798]"
1079339663,"[2877332363, 4273169880]"
1080002133,"[914775174, 1088873368, 1087635781, 914775174]"
1085794659,"[3637245518]"
1090447281,"[2553820588, 3413747696]"
1091746693,"[221202458]"
1093568005,"[2562099864, 1860393518]"
1101021964,"[955398943, 1532377761]"
1101602207,"[3277640596]"
1104038607,"[915403718]"
1104375072,"[1783539311, 1550453353, 1411410860]"
1107615001,"[173949238, 1896664975, 251657645, 2512869273]"
1107746429,"[1205670273, 1820821749]"
1109682681,"[1302697811, 2103785836, 4203158470, 1960789592]"
1109967945,"[3612086693, 286049992]"
1114094430,"[3551669536]"
1115249498,"[1819075340, 332209679, 3913698961, 401976348]"
1116289197,"[2639741116, 2517616201, 3186605940, 3984337495, 2611754657]"
1117272184,"[1140161058, 2850129296, 3487833744, 2806794871]"
1120323401,"[4022161844, 3541987715]"
1122537977,"[955398943, 1532377761, 1177314523]"
1123244794,"[2007279414, 1902753965]"
1123831146,"[152418051, 3984042837]"
1126868438,"[1829799030]"
1127657981,"[689023473, 1816813281]"
1130900979,"[633659090, 4159897186]"
1130967213,"[1128274822, 13620896]"
1131940169,"[3048578499, 2498491194, 1269035551, 952519340, 2007279414]"
1132746796,"[3928440935, 2413506174, 615488222, 893326926, 1267093350]"
1134784132,"[542538548, 1807182727, 2581737850]"
1143069903,"[1652875579]"
1144485498,"[4202496185, 4140154751, 1776393554]"
1148170980,"[2098941988, 2149464820, 2007279414]"
1150230846,"[603768826, 2895178379, 3216854901, 3951957899, 1294755971]"
1150601139,"[3577726402, 3831661369, 2718812266, 96890078, 2398001608]"
1152125988,"[1860511950, 966971643, 4125420656, 2428145712]"
1157924193,"[700247942, 990256291]"
1159947871,"[1390707377, 1601916220]"
1160148526,"[2007279414, 2518909170]"
1160667975,"[268233790, 1269035551, 1902753965, 516796945]"
1164338332,"[1129492416, 2630531806, 145305594]"
1166204486,"[682010995, 4223848259, 1050673359]"
1168909050,"[679700922, 899234866, 1501679119, 152418051]"
1169270868,"[1036837546, 2120779072]"
1169783448,"[2422058249, 1205670273]"
1170938005,"[569253671, 3304691824]"
1171363794,"[2682163246, 3694263991, 2042030195, 353103380, 566408952, 3281475758, 2175304941, 321596465, 2364668554, 2477003283]"
1176550521,"[2130616732, 2805166226, 2145977549]"
1177603447,"[1207270926, 1341096506]"
1178274219,"[2529072432, 1646546831, 3980181155, 1798195680]"
1184737011,"[1852872937, 1613671569, 3199229320, 2465528861]"
1184895977,"[3492650477]"
1191714842,"[140441656, 3256932963, 2032868245, 1626858107]"
1195601618,"[350871311]"
1197154185,"[3572269559, 4016804175, 3413075630]"
1210062900,"[4058829330, 3175914811]"
1210853041,"[1173365630, 2167750024]"
1213367737,"[1737420203, 955398943, 3632072502]"
1213744330,"[224435617, 1829278132, 1369779823]"
1214006960,"[2240919052]"
1217122759,"[2149464820, 910169576, 4080944038]"
1221271987,"[3340530619, 3480624055, 1881331411]"
1221420614,"[1520335024]"
1223566187,"[610652577, 1556245473]"
1227484684,"[2401458775]"
1228133573,"[952519340, 2007279414, 268233790]"
1230559341,"[2415873572, 1423839325, 613942852]"
1232503863,"[1269035551, 2149464820]"
1232677153,"[1764411835, 1201195269, 3504402444, 1640673752, 2316053190, 3141008702, 990959974, 2287170527, 960296146, 2724269698]"
1233774081,"[239276659, 843570927, 3612493798]"
1234792409,"[1277292991, 1180210141]"
1235578437,"[4186669466]"
1236336671,"[2073609284, 1269035551, 3849306291, 1816813281]"
1239364869,"[4089322861, 4204393289]"
1240674478,"[2977770201, 799065233, 2301447401]"
1258447015,"[479542123]"
1264179509,"[2120779072, 2816742760, 1133385189]"
1267593079,"[513780850, 2056583312, 3008741424]"
1268093476,"[2693701979]"
1269478831,"[87962584, 4231641706, 1842491212, 2153037761]"
1275857085,"[3802870894, 2475079669, 3632072502, 1832462541]"
1280283349,"[3769851269]"
1287353407,"[2439891714, 1972854120, 1218344255, 1064770050]"
1287850161,"[1272938012, 2718185989]"
1287950172,"[2345395514]"
1289232847,"[3828122977, 2529072432, 1390707377]"
1289434141,"[2482354223, 1643773664, 1513616494, 1650204537]"
1290399197,"[3691092140, 4229410248]"
1292184871,"[2389263741, 194296738, 486447403, 2924356031]"
1292417817,"[1133385189, 2401458775, 2643833505]"
1295003824,"[3761092488, 857040921]"
1296007357,"[3289683998, 2465528861, 1266823051, 1775237825]"
1296420014,"[2009645483, 864506904]"
1298546667,"[3790866767, 2115491671, 1630022509, 3199229320, 3320505228]"
1299595690,"[3183605169]"
1301945337,"[1816813281]"
1302145719,"[719337372, 2793561755, 1205670273]"
1304321680,"[2373204206]"
1304554072,"[2932999753]"
1308650192,"[3583375355, 1771863286]"
1309915074,"[3106649251, 102952604, 420579930, 3914593969]"
1312400822,"[1432813792]"
1313492534,"[3276213471, 1693226702, 167252762]"
1315208123,"[3565166403, 3735101795]"
1318722285,"[2529072432]"
1320034490,"[641427702]"
1320099877,"[2389467513, 2122301874, 1123710397]"
1323529412,"[703370904, 1983140495, 3287030905, 428549163, 2329517093, 1399570161]"
1328287907,"[4124856476, 3564614293]"
1328697582,"[2472934939, 4196598813]"
1330656870,"[2149464820, 952519340]"
1336647234,"[2691609942, 797638314, 1570314869, 692075109]"
1339315323,"[1099380892, 1923809350]"
1339643555,"[3284103018, 2130616732, 730958187, 2325542576, 633659090]"
1342752171,"[2389231921]"
1342961341,"[559618821, 2806565970, 1255629030]"
1344492095,"[4144869932, 726631277]"
1345896548,"[2180806657, 2557897657, 2986124911, 2621503414]"
1346837558,"[2112976085, 1611318583, 2335614916]"
1349230619,"[4106568158, 711971335]"
1349737346,"[2736362265, 3578957555, 431169924]"
1350285710,"[1595241082, 3066321838]"
1353265512,"[3451516652, 2899012651, 272472706, 1679839905]"
1353596523,"[3374652016, 3838044081, 3934491209, 2776566965]"
1354120181,"[1569838328, 2133183406]"
1354205322,"[2945230548, 1203083092]"
1356079140,"[2700042611, 1554701042]"
1358222118,"[2751638880, 1803275543, 2310207880]"
1358236584,"[1050837982]"
1368412107,"[2073609284, 1203717384]"
1369743769,"[176471937, 3863879024]"
1369905557,"[3478765131, 1212947698, 97217712]"
1372630997,"[1422946117]"
1372842685,"[952519340]"
1374205441,"[2205661933, 3681696850]"
1374956141,"[3956443206, 1728390960]"
1377253602,"[2529072432, 2425916002]"
1377585598,"[943414054, 3230361882]"
1386214900,"[2056583312, 1975759984, 2724377242]"
1386311924,"[3894686399, 1461387354, 3586650977]"
1392332761,"[3583375355, 2422059390, 2759111805]"
1399383819,"[2465996395, 1766189272]"
1404395751,"[2529072432, 955398943, 861118590]"
1408344828,"[3712819742, 1255629030, 1058195960]"
1411780050,"[915963444, 2338846344]"
1414301782,"[627844908, 2846745198, 2652356640]"
1418885681,"[2455869070, 1530709861, 1868735086, 534708903]"
1419064403,"[2155152986, 1820269907]"
1420338074,"[955398943, 3612574786, 1600413013, 3488186117]"
1421630185,"[910169576, 2498491194, 952519340]"
1422103142,"[2073609284, 3103100779, 268233790, 1816813281, 3950589515]"
1426944148,"[4011667261, 1993199919, 1004175800]"
1427469971,"[753115138]"
1433939064,"[1731353579, 3083830288]"
1437617088,"[4080944038, 1902753965]"
1438134738,"[3634231969, 2434261763, 1254371139, 1774925015, 1707465742]"
1440749616,"[2806565970, 3681999765]"
1444113850,"[2788558996, 1619676916, 2610444710]"
1452056386,"[711611185, 2529072432, 4202927804]"
1452633375,"[4249304663, 1518229543]"
1459241748,"[614606641, 785175041, 3036332464, 2334257130, 2193156408]"
1462984861,"[1068825763, 1114350408, 2535809440]"
1463717359,"[3617750746, 2247555890]"
1467007408,"[739733335]"
1476956307,"[861118590, 2459337942]"
1482478167,"[1151525474, 1902753965]"
1484078818,"[2131811948, 1488068589]"
1486339292,"[2793258618]"
1491636315,"[4140154751, 939765972, 1036837546, 1914791953]"
1493407039,"[789146264, 4256163933, 3885475162]"
1507405031,"[3849725276, 3929337192]"
1507678209,"[2633128735, 2095817474, 3309576207, 1896981357, 682028179]"
1515828822,"[2586730902, 1507640424]"
1518400220,"[1840365070]"
1522287705,"[2353497273, 3841578300, 1730476324, 3935076467]"
1525918364,"[1692359541, 907302600, 2643833505, 2130616732, 633659090, 771676713]"
1528359455,"[3183605169, 1394487790, 1600413013]"
1531475209,"[2973911742, 2415873572, 3244133531, 4239152097]"
1535643599,"[353933726, 2806565970]"
1536104641,"[3201100159, 3738119769, 617964033, 1491291821]"
1537885461,"[1085747802, 2490233992]"
1538685648,"[1872538468, 2389263741]"
1539256277,"[2237079226, 1926323783]"
1540298318,"[2782006433]"
1541564886,"[2498491194]"
1541756008,"[943870191, 2930825326]"
1543396188,"[3119717504, 2835333152, 2936071832, 753115138]"
1543462230,"[235695034, 2729245797]"
1544526064,"[581559015, 1528500344]"
1545906782,"[1655226972, 4021367473]"
1548216840,"[4231267316, 1905807810, 56286280, 3683968161, 618917454, 2402098473, 746090405, 544654350, 2328211583, 1665415662, 2425935882]"
1548590231,"[1379372643, 308894612, 2274349979, 3328747836]"
1553019839,"[1390707377, 3934491209, 2096635407, 4205554879]"
1555879260,"[246929230, 3901918595]"
1560565543,"[3309338938, 2007279414]"
1567057770,"[3477891691, 4082601014, 915403718, 2307150378]"
1567970024,"[1728146251]"
1568770334,"[2117214327, 3121696879]"
1571490313,"[1492629072, 2823481495, 1703947463, 2180353936, 2298346303]"
1572816023,"[3061536656, 36941495]"
1575376083,"[1892018889, 1465929077, 2445964998, 1902753965]"
1577437083,"[3276213471, 2841724568, 3904821261, 1926323783, 2633697384, 1600413013, 2145977549, 3621854275]"
1579613783,"[702526737, 4151334574, 2221479214]"
1582474481,"[2120779072, 559618821, 2024283936]"
1583577411,"[3045353496]"
1583772039,"[3809991219, 1771863286, 86545292]"
1585175216,"[2097864750]"
1594431230,"[2007279414, 1816813281]"
1595465532,"[3276213471, 1926323783, 3358064160, 955398943]"
1597392855,"[1029448353, 3203768458]"
1598750229,"[268233790, 952519340, 1816813281, 2007279414]"
1601125543,"[1387775604, 4104785185]"
1610329121,"[897265684, 1065552764]"
1611204256,"[3512178330, 1970721704]"
1612038297,"[3855990127, 3204081953, 2740924995, 3505444496, 490005260, 2291564875, 3518831374, 3842575553, 356211013, 2512730591]"
1615303306,"[2555858385]"
1615336827,"[3977523978]"
1615717851,"[350511551, 1092569429, 3612456671]"
1619040661,"[3475396168, 1699561506]"
1620608449,"[955398943, 645163767, 2127623176]"
1622015724,"[3732509776, 2344431772, 736179869, 2334817798]"
1622366272,"[955398943, 3565166403]"
1625052108,"[1050251873, 3395930833, 3644291653, 236692540, 555703577, 1210091631, 3297535757, 2584972286, 1635377146, 3380252862, 4189303160, 4255445383, 1184492151]"
1625116475,"[3200581311, 467130966, 990256291]"
1628172447,"[3950353223, 2415873572]"
1629404827,"[3331186835, 741936389, 3593689705]"
1634011224,"[1600413013, 3183605169]"
1637039865,"[4064214056, 3480624055]"
1640786388,"[2153037761]"
1641960627,"[530243426, 499039003, 3315433656]"
1649320589,"[1052881626, 3643004825, 2379850649]"
1651844876,"[2820039265]"
1652448351,"[83332510, 1818408219, 3106485137]"
1654935837,"[1197276466]"
1662308136,"[2530883438, 4259189014, 1963354961]"
1663149119,"[1842189573]"
1665746866,"[1764172149, 1619381515, 109156359]"
1666085128,"[899234866, 152418051, 2352676247, 2790605371]"
1666288434,"[1390707377, 1532377761]"
1667532620,"[1985254914, 553125617]"
1668335332,"[1716470668]"
1668862262,"[2174082261, 447444721, 2288419571]"
1669178531,"[2073609284, 3849306291, 2418142030, 2007279414]"
1669357187,"[1526669491, 3480624055, 827868550]"
1672939792,"[17054803]"
1676582816,"[1269035551, 2073609284]"
1679420385,"[3621854275, 1926323783, 1600413013, 955398943, 3276213471]"
1680807465,"[1611840162, 1532377761, 955398943]"
1696361679,"[1205670273, 3929507420, 2626540872, 582672945, 1907550340]"
1697527574,"[3309338938, 2007279414]"
1701323236,"[4253071998, 2663748542, 462519665, 1218703283, 3113793753]"
1703562892,"[13620896, 3797841998, 3022634670]"
1703748926,"[3552818627, 595203672, 2637341381, 604889701]"
1707093494,"[2415873572, 1488068589]"
1707278925,"[1601281862, 1973916091, 1841503354, 2822548338, 616825218]"
1710009181,"[3154940382, 2363481591, 604068853]"
1711604959,"[1398858039, 1061572648]"
1716727029,"[2996923495, 1269035551]"
1716791097,"[2046775840]"
1717882536,"[2643833505, 1132785258, 1212947698, 2130616732]"
1720019070,"[516796945, 910169576]"
1724694030,"[2286155514, 1036837546]"
1725995841,"[585474888, 311120320, 510790020]"
1726345056,"[388038662]"
1728055600,"[3133046690, 2534467685, 3559017589, 1993102668, 1499252056, 3200757190]"
1732859563,"[1390707377, 1532377761, 955398943]"
1733709559,"[788812553]"
1735204308,"[1588010656]"
1737346733,"[2917794701, 2056660430, 2973510396]"
1737429301,"[3086836700]"
1741814612,"[125067550]"
1747091728,"[10514104, 2131379889]"
1747471686,"[1750407174, 933991919, 2212943097]"
1747573617,"[1092072561, 1628763650, 1205670273, 3454377311]"
1748492203,"[3760762503, 1448086840, 959243663, 3047285147]"
1749528606,"[3251813967, 2428145712, 152418051, 3185692431]"
1754474767,"[955398943, 1752177173, 2300256602]"
1754904960,"[1651087393, 3976565573, 1146909088]"
1757951758,"[109156359, 1470187263, 2742796684, 2464636842]"
1761058217,"[1488068589, 2120779072]"
1766663257,"[3287069160, 4033897440, 3022654050, 1474603767]"
1767855106,"[3812153136, 1600413013, 955398943]"
1772941037,"[799065233]"
1774252774,"[1996503357, 2554554656, 3632072502, 913747949]"
1774655165,"[1820037082, 4239152097, 3957104249]"
1783276120,"[955398943, 726662409]"
1785235519,"[4249581931, 2384544175, 1736406045, 800349173, 4079544335]"
1788141082,"[1116957623]"
1788256739,"[3720632668, 4192471115, 13466907, 3224830038, 628671634, 646247709, 4102628773, 18300872, 3150441220, 3860321739]"
1793590520,"[38211426]"
1799323346,"[3252356280, 147026651, 2383453267]"
1803816912,"[3812153136, 3295345325, 3856381135]"
1804164018,"[2479854230, 1859823732, 2352676247, 794450376]"
1805025807,"[2212943097, 1776393554, 1829799030]"
1808101898,"[1331721799, 1693226702]"
1809934947,"[3929507420, 2790637805]"
1815238419,"[1426337764, 498238691]"
1815721382,"[524333092, 2787748632, 1773230862, 3129511797]"
1821206755,"[3289683998, 2153037761]"
1821733300,"[955398943, 445373500]"
1823716058,"[2176332944, 248110726, 1397955556]"
1826190863,"[2654661184, 1404009993, 1403176651, 1325423111]"
1826584692,"[3581275802, 1332759137]"
1829290442,"[1407157250, 2480319760, 1982879066]"
1832146052,"[4205554879]"
1833128849,"[1958014037, 3921231623, 3300815276, 3682513986, 4222772842, 423286334, 3322294869]"
1834669948,"[896333395]"
1838926600,"[2799693215]"
1842145373,"[3820740781, 2130616732, 2643833505, 633659090]"
1844741381,"[955398943]"
1849546291,"[719337372, 1790004322, 1600413013, 1641491432]"
1851530247,"[2217975107, 3712732153, 1498742095]"
1856999246,"[2149464820, 2007279414, 673098017]"
1857390350,"[3221268576, 1635880727]"
1859726822,"[955398943, 2529072432, 3632072502, 2216215956]"
1865714809,"[2750324864]"
1871580056,"[2149464820, 268233790, 2007279414]"
1873358601,"[3051804335, 2401458775]"
1873687001,"[673098017]"
1875891307,"[739161736, 3509100603, 2428145712]"
1876906939,"[3016291457, 2155134627]"
1879459765,"[2007279414, 3192816058, 2027514460, 2007279414, 3287340168, 3741347786]"
1879908611,"[88871313, 3784642395]"
1882344631,"[3981222120]"
1889089758,"[748520427, 615851431, 2446538932, 3731945988, 3225608485]"
1890318514,"[243550778, 614606641, 365372360]"
1890732196,"[1096700405, 3451289141, 2824024899]"
1895679477,"[2019748690, 1736153735, 1826591083, 1259701213, 1826591083]"
1897267951,"[2752736167, 2899306830, 1159109322]"
1898427878,"[1269035551]"
1906220044,"[3133239997, 2529072432, 1918771225]"
1908507314,"[1597380017, 404595428]"
1911617585,"[858852228, 1180987071, 559618821]"
1912698965,"[2112536754, 3827519635, 2802110996, 740148951, 2099321023]"
1914182220,"[1652875579, 2529072432, 955398943, 3632072502]"
1917038415,"[1046898997, 3305669901]"
1918148274,"[3163490153]"
1926859556,"[221202458]"
1931485787,"[3376318184, 3183605169, 4109250236, 633659090]"
1931818423,"[440098296, 3400311907, 625381270]"
1932371532,"[869427005, 2180806657, 4252866526]"
1933513142,"[3988416045, 1446660181, 3115628178]"
1935452377,"[616825218, 1297375856, 635799819, 2491721612, 3266414126, 1973916091]"
1946827878,"[1844176380]"
1948333652,"[635799819]"
1948945052,"[3749456307, 2529072432]"
1951340806,"[3120245477, 866329141, 1722911749]"
1952293169,"[2621503414]"
1952851403,"[3811447746, 2219144892, 689023473]"
1953913885,"[2759090369]"
1954193338,"[3643219070, 2430713742]"
1954960931,"[2618739853, 3609940860, 4193610911, 3253907448, 2496555402]"
1955766052,"[2354857659, 3929337192, 3903656386]"
1959500556,"[844299203, 3728680617]"
1959680039,"[2367733143]"
1964309262,"[2823119321, 2264041858]"
1965944390,"[1501679119, 966971643]"
1966851184,"[1484873489, 4024225107]"
1967689783,"[2653321720, 2779174239, 2274349979, 1134231092, 4170145082, 861455380]"
1967928641,"[973526380, 573567288, 3298863485, 3581079888]"
1974832510,"[2130616732, 633659090]"
1977271538,"[2803195749, 1530709861]"
1980915793,"[4233637659]"
1985852583,"[2149464820, 1816813281]"
1989811285,"[130281276, 1978124272, 1468446505]"
1990188032,"[169679772, 2742822035, 3069411884]"
1996678705,"[3005685679, 3114299686]"
1997928281,"[1269035551, 2149464820, 1076364848, 4080944038, 2007279414]"
2006663136,"[3293015360, 2996278070, 4020968761, 1820083761]"
2008761267,"[4290470709, 461456549, 161896320]"
2014445987,"[241839498, 3399301092, 2674578873, 1638236770]"
2021435753,"[439311946]"
2022308068,"[1133385189, 4267908091, 2078674354]"
2023721073,"[3565166403, 955398943]"
2023976924,"[1600413013, 1977406305, 2823119321, 1811322299]"
2024711643,"[1914806770]"
2030266367,"[2543488064, 2232765899, 853911830, 1660158596, 3597133586]"
2031754020,"[1465929077, 1816813281]"
2033574675,"[2073609284]"
2033945746,"[2180806657, 2692070381, 2422997693, 3229872217, 3321926072, 2102453106]"
2034536037,"[1791652679, 625259568]"
2039668267,"[889048145, 2757258727]"
2040340167,"[2114371180]"
2041677127,"[1902753965]"
2043422334,"[3879638171, 4150879325]"
2048999821,"[2935869426, 2197125563, 2343313196]"
2054531858,"[1383584914, 4161974839, 3899715231]"
2054648409,"[264093631, 4177339177]"
2056142684,"[1076364848]"
2057625114,"[1766189272, 2410124239]"
2059471156,"[2373204206]"
2062768867,"[619689337, 3413478237, 1478537984]"
2062977016,"[2130616732, 2030801280, 3982608480, 3856652715, 2246757543]"
2063287658,"[3444724802, 642907744]"
2063714458,"[353933726, 2047026922]"
2068379568,"[1269035551]"
2069145631,"[2916657146, 3604535108]"
2069512156,"[2665194430, 1142237118, 4262164602, 4268879178, 2130393831, 1293045154]"
2071663365,"[3757885529]"
2071842684,"[268233790, 952519340, 2007279414]"
2074086523,"[2977166421, 2643833505, 907302600]"
2080715583,"[2975196902]"
2081059890,"[1844176380]"
2081393559,"[1896310801, 341483646]"
2086869786,"[3367947469, 2619961798]"
2090888096,"[2740194717, 1287884858, 1478537984]"
2092954906,"[2643833505, 2727385514]"
2098552598,"[3656857644, 3848300978, 3656008998, 1589820024, 3036332464]"
2102662137,"[372011842, 2915353594, 1412973771]"
2105308456,"[317746206]"
2105508317,"[3984042837, 61186519, 4203627753]"
2107308395,"[2171647061, 310965747, 2191612778]"
2111847795,"[2131593904, 1495018044, 898889852]"
2112130968,"[894912584, 3186998441]"
2114638118,"[2824096896]"
2116203935,"[2867959207, 2325007341, 4058829330, 2002132690]"
2116294822,"[2698678033, 1548928340]"
2122304529,"[3868972599, 4201499448, 3643004825, 1148012652]"
2127416756,"[642644408, 1693226702, 3418415418, 1619013260, 4225120855, 4192978272]"
2129690960,"[703370904, 892230242, 4079660037, 414601582, 897667289, 2318827942]"
2129920319,"[1269035551, 1902753965, 268233790]"
2133006016,"[945123072, 4002798045]"
2134808475,"[952519340, 1269035551]"
2138239477,"[407061424, 3920286067]"
2147677924,"[3075394600, 1251427356, 2656575598, 461293664, 1755447824]"
2148913954,"[524127618, 3480624055, 3331186835]"
2153152806,"[955398943, 2529072432, 1600413013]"
2156846040,"[268233790, 2007279414]"
2160639516,"[772336533, 4188088089, 1184041113]"
2162567305,"[2418854700]"
2162823560,"[498802162, 2983198547, 4072059682, 3863224528]"
2163304477,"[126987905, 854375268, 1456220611, 2534465304]"
2163512224,"[844299203, 714391510]"
2166518457,"[719337372, 1390707377]"
2169945834,"[426238334, 1104384354, 1104384354, 2146032671]"
2171206786,"[1079489905, 1315709702, 1943998655]"
2176419410,"[810618772, 1465929077, 1269035551, 2345395514]"
2183586456,"[2880529865]"
2184501135,"[1269035551, 1076364848]"
2187324082,"[3254991059]"
2187693519,"[1065552764]"
2188094871,"[4121122086, 4284647357]"
2193628344,"[3249252679, 2529072432, 955398943, 2662935109, 3276213471]"
2193664477,"[926605391, 3874825374]"
2193694254,"[471518637, 2159444507]"
2194245277,"[496131340]"
2196432988,"[1930461491, 939765972, 414842182]"
2196784941,"[1807134906, 1983816887, 1770523304, 3612754071]"
2196976878,"[2012506795]"
2197210107,"[445373500, 218663179, 1017435233, 1480147250]"
2199467633,"[1902753965, 2149464820]"
2202079852,"[2021591040, 712219219, 3389184536, 7840377]"
2202271093,"[2073609284, 1269035551]"
2203000569,"[1448086840]"
2205166542,"[1006903887, 759623017, 223675975]"
2205536033,"[2741065012]"
2207460362,"[2222244811, 633659090]"
2209002289,"[302720508, 483236510, 1833196462, 392166594]"
2212184935,"[602394192, 2645301517]"
2212919969,"[3632072502, 1641491432]"
2216123501,"[1910339245, 2489574463, 3618085464]"
2217177799,"[940261225]"
2217567238,"[3247283924, 844228434, 19861336]"
2217853337,"[4029785203, 3458111938, 1748583111, 1622766919, 1867941427, 1070907565, 33770938]"
2222162186,"[3522246891, 4211366080]"
2223714757,"[4125420656, 4203627753]"
2223946882,"[96890078, 1282190480, 1886219882, 2877332363, 2837083684, 1281294006, 832412932, 202394818, 284003894, 2430405430]"
2231607096,"[3868972599, 1466704967, 907302600, 2130616732]"
2233880590,"[1433540428, 914532885, 542448793]"
2234899895,"[1230133982]"
2238460219,"[3048578499]"
2238790970,"[1349897681, 3210255076]"
2239318984,"[3904383762, 1780037712, 2017448857]"
2243065045,"[2130616732, 3610629096, 955398943, 1076499062, 2424321825, 2039358442, 1752177173]"
2243396544,"[832412932, 1301302125, 1099380892, 1281294006]"
2246918838,"[3389631138, 3298103363]"
2248506579,"[1848091116]"
2249748129,"[3984507010, 2062854199]"
2251800772,"[1269035551, 268233790]"
2252845148,"[3849306291, 1076364848]"
2254327912,"[3029154892, 684266372, 1919672247, 3752550750, 3016174135, 1927488321, 605781708]"
2254352523,"[95076039, 592194601, 2559472002]"
2255113076,"[4277739075, 3568507739, 677485601, 3252432592]"
2256989025,"[1816813281, 673098017]"
2257286686,"[633659090, 2643833505]"
2259554717,"[1648681304, 1278050580]"
2260760754,"[268233790, 2149464820, 1203717384]"
2261578513,"[3554433899, 1738349310]"
2264585544,"[893326926, 2186054523, 1332759137, 2379850649]"
2265864872,"[642644408, 633659090]"
2265899995,"[3219417278]"
2271406145,"[1488068589, 2078674354, 1332759137, 1721503828]"
2272634729,"[2146934064, 2169756279, 2554987616, 2962466426, 464495931]"
2275313265,"[1934335136, 2414344384, 3507241236, 1245695928]"
2278013791,"[826165423, 870386522, 798216010]"
2281560980,"[2642707561, 2729267396, 1902753965, 3849306291]"
2282257791,"[633659090, 2130616732, 97217712, 1212947698]"
2282422131,"[3978290343, 236468864]"
2282893903,"[3223764684]"
2285462405,"[1071582440]"
2286248913,"[2628680570, 1448086840]"
2286292570,"[2218325768]"
2290297293,"[782683695, 3776957253]"
2291100279,"[464552924, 3891330449, 852533014]"
2291885035,"[1926323783, 642644408, 1600413013]"
2295726157,"[551112142]"
2305032569,"[1902753965, 282465740, 975577539]"
2312878118,"[1361307272, 2209057061, 3875424137]"
2314166008,"[1845786756]"
2315042356,"[498959605, 1956366650]"
2316950688,"[1693226702, 3418415418, 955398943]"
2319889082,"[602394192, 2384544175]"
2321074684,"[1334001859, 2650542682, 907302600, 3868972599, 733567972]"
2321085380,"[3968395368]"
2325340243,"[1791133471, 1370289455]"
2326237915,"[1940265937, 1270020700, 2232765899]"
2326463380,"[1465929077]"
2328301807,"[2529072432, 2860418664]"
2328481418,"[4254934247, 3221725438, 3206285602, 3883078781]"
2328965162,"[952519340, 3048578499, 1076364848]"
2329661605,"[3390105219, 4019120435]"
2329755329,"[861118590, 2130616732]"
2330978075,"[1900273727, 2026724113, 1488068589]"
2332715028,"[1203717384, 1269035551, 2007279414, 2149464820, 1902753965]"
2334852679,"[2642751886, 1900681884, 3759330615]"
2337052402,"[3999157860]"
2338481531,"[2479922984, 1700640720]"
2340199364,"[2683439036, 1234887619, 910169576]"
2342474285,"[2621503414]"
2342735753,"[2921274626, 1390707377]"
2343762978,"[3793452317, 3183605169, 3276213471, 3254851447, 933541663]"
2344133160,"[2643833505, 2529072432, 907302600, 2130616732]"
2348719537,"[3021201850]"
2350981164,"[4184505089, 3680209340]"
2351788775,"[3807386691]"
2353444142,"[1707508219, 242984996, 989190365, 228724478]"
2356937947,"[3158757965, 13620896, 3022634670, 130493588]"
2360121322,"[2040806459, 1370289455, 2274620725, 2715216804, 118574918]"
2375503792,"[1269035551, 1076364848, 2007279414]"
2378242378,"[4126254215, 3392045078, 431193333]"
2378571713,"[1729385316, 3854862695]"
2381156995,"[312887797, 2868216453, 1213729912, 3256009463]"
2381922770,"[3050501263, 123333167, 2129139974, 1759360542, 1989834189, 376484644, 2129139974]"
2383553413,"[1159701801, 534708903, 4121208467]"
2388007096,"[4038462730, 3639467255, 496369519]"
2393678699,"[472254159, 2732877008, 2458045492, 604019700, 3642069436]"
2394083016,"[3627321434, 20272307, 3824079858]"
2399006053,"[3104408471, 3578890149, 3692401116]"
2400147519,"[2252745757, 3532539883, 1427376534, 1741634425]"
2403055502,"[711904904, 196335814, 3581275802]"
2404499203,"[1238211380, 3374955799, 1255629030]"
2408246939,"[3077993055, 1776393554, 3709849423, 588161010, 2422059390, 2296562792, 2766764102]"
2409482937,"[633659090, 1213874055, 2401458775]"
2411451936,"[2120779072]"
2415400273,"[719337372]"
2416484731,"[2626540872, 1205670273]"
2416491105,"[1332759137]"
2416903887,"[2389263741]"
2417747893,"[907511974]"
2419536569,"[3512048812, 4125420656, 2428145712, 740269154, 675888033, 899234866]"
2424565945,"[1817241425]"
2425859426,"[1256918510, 3865569130, 1766688413, 298169907]"
2436252940,"[3327259603, 2153037761, 2465528861]"
2436389418,"[4199792713]"
2438466073,"[4202270768, 559618821]"
2440023887,"[1276702165, 3038810944, 530788794, 3939206437]"
2440671055,"[823015621, 4203627753]"
2441936878,"[505160374, 3501001868]"
2444212053,"[3327259603]"
2446596885,"[4251121485, 252821893, 1905968948]"
2448969855,"[3971267428, 955398943]"
2449307177,"[593744182, 3181512475, 3653306306]"
2451466347,"[4140154751]"
2456225582,"[2354781149, 4224651969, 2662850238, 1555528731]"
2457737664,"[1379282099]"
2458053629,"[1278854245]"
2458068456,"[1323913377, 3144013743, 1528500344, 4232519602]"
2458429643,"[44607617, 1323913377]"
2460812912,"[1076364848]"
2461816241,"[2149464820, 2498491194, 1203717384]"
2463413235,"[672898146, 3210034198, 2891782769, 174639232, 2498438372]"
2463864814,"[2439177854, 3720632668, 1446431799]"
2464597212,"[740148951, 3824282897, 2311929369, 771425652, 4210780884, 1401579696, 1765289049, 1776135378, 2862031808]"
2465513009,"[1322716520, 3534091101, 439904567, 1153175316]"
2467706552,"[3264448398, 3709772523]"
2467980416,"[2455219297, 1390707377, 1532377761]"
2473747678,"[606856804, 4278742882]"
2477193718,"[1783442779, 1213571589, 4229945774]"
2480747202,"[2007279414]"
2480816831,"[3247053834, 3790866767, 2906696294]"
2483584418,"[543972501, 1975166347]"
2485670452,"[1602227394, 3735036412, 2529072432]"
2488018670,"[1255629030, 2166119628, 1966347593]"
2489551967,"[1641491432, 520657921, 2324717272]"
2489943153,"[1969780767, 653825038, 4230607400, 3159114805]"
2490559498,"[1986629581, 3475131654]"
2491957982,"[3493332901, 1133385189, 3791794513]"
2493952533,"[817091493, 2152420806, 1828207870, 956258196, 4063419559]"
2495110802,"[1600413013, 3632072502]"
2495407859,"[745914541, 2153037761]"
2496837007,"[137663137, 3358064160, 4218736701, 1693226702, 642644408]"
2500150280,"[4172382349, 3033694655]"
2501052021,"[1845894044]"
2501280523,"[1151525474, 2007279414, 3849306291]"
2507955484,"[955398943, 2130616732, 771676713, 2401458775]"
2512917389,"[2013712241, 2989906553]"
2517213950,"[3812153136, 2988444536, 1202898307, 4017520480, 344135913]"
2520120463,"[3339552268, 3860784194]"
2522377610,"[2512805826, 2163214170]"
2536496919,"[3561137432, 4294677286, 4139045662]"
2539871585,"[1203717384, 3103100779]"
2541238114,"[1347426650]"
2543824082,"[1719075410, 2390991047, 416330287, 679023125]"
2544817539,"[3581275802]"
2545657612,"[2522610844, 3539428285, 1069076071]"
2546983756,"[729856026, 1665571549]"
2557219570,"[3573523098, 3783327786, 411688154]"
2559434877,"[2401458775, 1159681214, 2039358442, 797638314, 3185730461, 2643833505]"
2559754952,"[3036332464, 3089507532, 2902739388, 2490299454, 4181313745, 37049595, 758156246, 4055258235]"
2560745948,"[1731351853, 612496662, 2409474647]"
2563679078,"[2352676247, 3984042837]"
2566144998,"[3988084859, 3784793235, 3298491517, 4172079406]"
2567514456,"[955398943, 3412870700]"
2571348801,"[1816813281, 268233790, 3849306291]"
2571725299,"[4105510328, 2007279414, 1262111436, 1231183808, 2993747793, 1269035551]"
2571895925,"[2955216817, 1433971994, 3909691421, 715927047]"
2572315833,"[3571023061, 1332759137, 3499523914, 3480624055, 2177332500]"
2577093097,"[1631274105]"
2583651606,"[2668074570, 2352676247, 3841472085]"
2584536356,"[2633965197, 91778995, 3080870370, 318056240]"
2587246668,"[1148695493, 2143251401]"
2590409583,"[2299988286, 4216192606, 3980763324]"
2593432040,"[152418051]"
2594894760,"[260814396]"
2596513149,"[2916690517, 4180447885, 45273014]"
2597201802,"[337389135, 675216211]"
2600681841,"[2729363330, 2094952127, 496131340]"
2600683125,"[3036332464]"
2604497840,"[61199712, 4249606980, 2380651950, 897667289]"
2609061039,"[3776957253, 1902753965]"
2610662061,"[3731945988, 2056684630]"
2619163162,"[3499428374, 955398943, 897667289]"
2621463744,"[3632072502, 1390707377, 955398943, 1532377761]"
2623537385,"[2346236824]"
2624413719,"[4129023810, 3643004825, 1133385189]"
2624862533,"[1465756896]"
2626409021,"[2847791443]"
2630238456,"[3849306291, 1269035551, 1076364848]"
2633145288,"[952519340, 1203717384, 1816813281, 673098017, 2007279414, 268233790]"
2634481972,"[2007279414, 3309338938]"
2635167233,"[154199197, 1542105098, 2415873572]"
2638473114,"[3398247231, 3347784034, 750079596]"
2643058163,"[1557343462, 3600053010, 2232765899, 4253737282, 2790657295]"
2644266735,"[1380051674, 374048503, 2201033063]"
2644859372,"[3019482312, 3610583418, 364572656, 2163403169, 730938870, 2647215157, 2252963799]"
2648736219,"[3287558640, 3898786475]"
2659357596,"[2992369908, 1608616656, 843844488, 920377329]"
2660754061,"[713642130]"
2667370728,"[3981414613, 2220814548, 3508849684]"
2668221937,"[3462111166]"
2670196825,"[4080944038, 2007279414]"
2671029253,"[809213795]"
2673355078,"[2168006553, 3012567312, 196335814, 3331186835, 3480624055, 2120779072]"
2674968860,"[2149464820, 1269035551, 2007279414, 1964407998]"
2676225924,"[4100237668, 3863879024, 2181144698]"
2677559053,"[712766233, 1141817122, 2233735163]"
2679652649,"[349771745, 1361307272]"
2680823346,"[803416244, 101017987, 3187433814, 1734795794]"
2681199273,"[2617418498, 1600413013, 2923056628]"
2683024755,"[2059769837, 3951031049, 2803195749]"
2684781446,"[1942387906]"
2685090431,"[1255629030, 1330949688, 2025853498, 2428305873]"
2690867178,"[3235749382, 3133902522, 620729001, 432158069]"
2691223445,"[1203962214, 3335940486]"
2692015370,"[1555137404]"
2692979972,"[1213078967, 955398943, 1532377761, 1641491432, 719337372, 2739422201]"
2694023881,"[3374363087]"
2694809416,"[543972501, 727697060, 3237640011, 1731351853, 1988257084, 2309977061]"
2695530712,"[803416244]"
2700330302,"[1359556127, 2993825867]"
2701755218,"[3149791577]"
2703461171,"[3882708104, 4149598823, 2108188468, 1397225485]"
2706298619,"[3366038267]"
2706413631,"[1390707377, 955398943]"
2711152367,"[2806565970, 2913407142]"
2711982636,"[3612574786]"
2713002362,"[3875487693, 2475876989, 2625705319, 2837973453]"
2713603391,"[1784678428, 98389177, 1678290669]"
2718796148,"[3454377311, 1723821298, 1664606906]"
2721011967,"[2418142030]"
2722906127,"[2073609284]"
2722968909,"[3565319586, 3536426515]"
2723513568,"[2145727940, 2628680570, 2288419571]"
2724319931,"[2007279414, 1816813281, 673098017, 3776957253]"
2727221059,"[453719661, 3589097685]"
2727600790,"[3694172820]"
2728047278,"[1487572967, 1063306856]"
2736679402,"[2780690728, 3633409518]"
2740017993,"[2234839224, 955398943, 3499428374, 3617750746, 3114126441, 1769681665]"
2744115938,"[782683695, 2007279414]"
2746088407,"[183285682]"
2752875123,"[2081217514]"
2756550887,"[1262111436, 2528133963, 1465929077, 4105510328, 2583046456, 1548058369, 1714855985, 2729267396]"
2761832946,"[4243722958]"
2761872404,"[1623007742]"
2763959582,"[1600413013, 1390707377, 3632072502, 1532377761, 426902061, 955398943]"
2764881224,"[1165693561, 2153037761]"
2766172404,"[1752177173, 2645301517, 2083799098]"
2766269208,"[3980899956, 421490602, 3576586766, 2594244407, 2354753475, 4181724338]"
2768250886,"[234206875, 3248170141]"
2768571751,"[2727740466]"
2771438232,"[4141771222, 3340777098, 3733102523, 3495546034]"
2772609387,"[2047026922, 2643833505]"
2774351000,"[1693226702, 261646692, 2938749256]"
2777195317,"[1072010365, 587454424]"
2780094512,"[1332759137]"
2787327616,"[1617947886, 1747799199]"
2787637778,"[2149464820, 952519340, 3103100779, 910169576]"
2788859591,"[1241270051, 1669367540, 2485944097]"
2789486165,"[192254554]"
2789880308,"[2353627787, 1972854120, 741936389]"
2791232352,"[3554433899]"
2791418962,"[907836813, 125067550, 4223848259, 3961489941]"
2792856754,"[1532377761, 3565166403, 1993111201]"
2793393083,"[1620441934, 1212947698, 3478765131]"
2794470551,"[1707029317]"
2796038131,"[680476316]"
2803741841,"[1532377761, 1832462541]"
2804635189,"[4114629273, 4153011100]"
2805293886,"[268233790]"
2807567247,"[2822187055, 1926323783, 263253434, 3731940597]"
2810188071,"[2498491194]"
2813753172,"[1766189272, 2081500137]"
2815688436,"[2565080891, 3554433899, 695149490]"
2817061625,"[1448086840, 3104895742, 1970404290]"
2818464367,"[823015621, 44607617]"
2823307221,"[2970567256, 990580500]"
2824647204,"[1488068589, 3445542629]"
2827067982,"[4198728308, 3462111166]"
2833011810,"[2345395514, 1465929077, 1076364848]"
2834313805,"[379509952, 2978619161, 1473407301]"
2835299246,"[217634693, 4199610453]"
2836886911,"[1647631096, 3632072502, 740982915, 606749223]"
2837984655,"[3359203400, 427268030, 2887039266, 1112738637, 44040604, 3335153331, 2787953346, 389811473, 3335153331, 4103636596, 2814849271, 2716492883, 3359203400]"
2838808644,"[1426337764, 2583924875]"
2841225823,"[1212947698, 1133385189]"
2842187594,"[2007279414, 1203717384, 2345395514, 2149464820, 1269035551]"
2842951963,"[4271137008, 3720632668]"
2844491503,"[259779482, 1051419581]"
2845673972,"[3158757965]"
2848481402,"[3697176442, 292032212, 1761503643, 387537657, 2221890621, 1796148403]"
2849010050,"[2035433625, 3555851735, 1701929655, 333191230, 730694855, 333191230, 3275851610]"
2855659739,"[3551855555, 3953952340]"
2856937853,"[3339150698, 2840642149, 2220814548]"
2856945250,"[379046741, 880569203, 2666358956]"
2858284447,"[2170086551, 4033406811, 4126400680, 1598476470, 399364804, 14211409, 2311542641, 4040469677, 1895999151]"
2858760089,"[864823067]"
2860912043,"[2191690926, 1860393518]"
2862718608,"[367125363, 2118726451, 25800108]"
2863143805,"[3509100603, 1597380017, 899234866, 2352676247, 823015621]"
2864836500,"[3612228026]"
2864899561,"[422504591]"
2864941156,"[1880617811, 1565715575, 3036332464]"
2874765790,"[2073609284, 952519340]"
2877985693,"[2345254596, 4227005710, 623506969, 1423412400]"
2878084097,"[4008908259, 2937294106]"
2879905973,"[3884256656, 1465929077]"
2883315236,"[1133385189, 959243663]"
2884249863,"[1110543265, 3735101795]"
2885761776,"[163992226, 3407521586, 1732452113, 1193557066, 1348764141]"
2888420415,"[4081195893, 720368313, 4129852201]"
2889282959,"[1845786756, 3281130769]"
2890295436,"[2030801280, 1273761447]"
2890467561,"[3735036412, 2860418664, 1390707377, 3610905380, 2529072432, 844053363, 1600413013, 613942852]"
2892947506,"[633659090, 2130616732, 1361307272, 955398943]"
2893327845,"[2345395514, 1076364848]"
2895220130,"[1589820024, 1880608957, 1351516910, 733783189, 2056583312, 2090625059, 3373247335, 1637877812, 518779164, 2425412274, 1759909456, 1205989226, 3145096544, 2772459450, 708953850, 3896920659, 315239924, 1849180954]"
2902208687,"[953356488, 834360181, 2760644804, 429317732, 2085386112, 2153037761]"
2903662804,"[580504008, 1977475739, 788496445, 2791462807, 2421849726, 1074416596, 1999674603, 106517927, 647011225, 2219009935, 874736953, 2971360373, 2163400929, 1728231357, 1554642353, 3192953579, 2796594102, 2825871581, 2780111738, 2608543989, 1305006038, 3150073140, 3307462195, 3949409640, 3076752265, 874736953, 72576587, 1164122688, 2062625787, 1728231357, 1936956555]"
2912946138,"[1958206168, 2079744277, 3062356265, 1508286450]"
2914443596,"[3979927641, 872950970]"
2916559717,"[4228109405]"
2916716118,"[3107909715]"
2919431452,"[2846528802, 1510219719, 856365940, 2967210072]"
2920617215,"[73584564, 4187586409, 3711909804]"
2921156307,"[2051799233]"
2925400415,"[955398943, 3632072502, 1390707377]"
2928822295,"[4125420656, 2428145712, 2168553474]"
2931803878,"[1438413864]"
2932861723,"[3842362115, 3217855831, 477813398]"
2933561364,"[3512048812, 2428145712, 2398192028]"
2936209614,"[955398943, 1532377761, 3434410911]"
2936324533,"[1141674672, 323858975, 1177495191]"
2937013787,"[595118544, 3807522847]"
2937549539,"[1825332521, 1440328560]"
2939775948,"[2988656322, 2196514887, 4235779838]"
2940390801,"[4364520, 1670889080, 937969852, 2038842201, 241344738]"
2940917694,"[1841768927, 2660205855, 3557171468, 2547977028]"
2941044791,"[1600954475, 1731945792, 2567519500, 909637169]"
2944246732,"[304500382, 1451401793, 2007279414]"
2945726385,"[2004127159]"
2946269473,"[2358288123, 2865586777]"
2949537983,"[1491291821, 2769570008, 1133639860, 3064322102, 487242141, 3868070839, 683296242, 932459990, 4225990826, 3311992185, 4201565639]"
2949876199,"[1600413013, 177193417]"
2954668845,"[1536770720]"
2954864792,"[2800200908, 3706170359, 3969706469, 1321452952, 1928569785]"
2962003608,"[2401458775, 2117517099, 2303635604]"
2962659545,"[1716470668]"
2962725194,"[3849306291]"
2963121670,"[559618821, 2415873572, 3581275802, 553840202]"
2971889961,"[1361307272, 1569838328]"
2975026524,"[1002911800, 3216854901]"
2978622176,"[799782433]"
2984260178,"[821546192, 3617812300, 1133385189, 642644408, 3123256869, 1741634425, 3581275802]"
2985391759,"[3930422129, 3102683928, 2221249291, 3945518849, 3501505424, 2894424874, 3039309993, 497198144]"
2987144847,"[2628680570, 3681999765, 2806565970]"
2989025224,"[955398943, 3808492697]"
2990855864,"[2153037761, 1179474743]"
2993320562,"[825525529, 1601916220]"
2995967526,"[1910411667, 561924821, 3907799000]"
3001870892,"[2007279414, 2498491194, 3849306291, 2073609284, 1269035551]"
3004312073,"[1801869689, 2285963249, 1776393554]"
3005728385,"[1324046766]"
3009580143,"[1627031750, 3919218328, 1532429458]"
3021174039,"[1421267283]"
3021411633,"[310937533, 2298040175, 1241270051]"
3031242464,"[2428145712, 823015621, 3258763656]"
3033728418,"[955398943, 1390707377, 3291515508, 1532377761]"
3035544663,"[1963766612, 2980213396, 28573792]"
3035853030,"[1854380763]"
3035907343,"[1602799810, 3929264175, 590998091, 421396695]"
3036141956,"[1221934300, 2593474804, 3388135408]"
3037654114,"[4289284578, 731731924, 1287884858]"
3038024163,"[2955430444, 1676265172, 2912359758, 72149297]"
3039417842,"[377981656, 2665081210, 1338752348, 1708545365, 221893182, 1000018501, 4235863537]"
3041198590,"[2433903660, 1390707377, 2529072432, 3952421022]"
3041705231,"[2896707893, 2251883371]"
3042360462,"[2072422072, 1906297840, 1383705967]"
3042642967,"[1348209331, 2384544175, 771676713]"
3043278753,"[719337372, 1242409753]"
3043291654,"[1332759137]"
3044183470,"[1068082883]"
3052191172,"[633659090, 3609305791, 3671450770]"
3052673147,"[2612574414, 3658087051, 3485195034, 830183321]"
3053992683,"[3098883793, 877202695]"
3054205479,"[3065347634, 3462134235, 4088563716, 99279011, 1814530527]"
3061307316,"[3105353690, 4250838032, 4265299106]"
3065586006,"[2435374903, 2690339923, 983806490]"
3069569833,"[998521698, 1728231357, 3202299499, 382378459]"
3071093998,"[606020229, 1438024794]"
3071252660,"[3196108932, 2780690728, 821546192, 2453174300, 1080261006]"
3071657222,"[1968232351]"
3074133478,"[516796945, 1076364848, 3849306291]"
3076967009,"[1860569646, 1798301244]"
3078024483,"[753115138, 1075717146, 963608104, 3753704467]"
3080858756,"[1597380017]"
3084096535,"[3079146363, 1194159142, 290357106]"
3089564924,"[3732064146]"
3091527231,"[2010172644]"
3093978794,"[650745497, 799782433, 306010070]"
3095718598,"[2654741087, 1800693034, 1666413374, 1757688444]"
3096870348,"[1548058369]"
3098511794,"[2643833505, 274750357]"
3102217094,"[670599422, 3505557593]"
3104132371,"[1832632366, 1993199919]"
3108358241,"[1306609867, 927505727, 2063466570, 4250784104, 2784885848]"
3108480638,"[846069276, 3554433899]"
3109949526,"[1570124449, 3622885988, 589681889, 353481995]"
3115928657,"[1844176380, 2149464820, 1269035551]"
3117046697,"[2007279414, 1269035551]"
3118355226,"[2258490433, 4163370502]"
3118938050,"[1764873344, 2457973567, 3514254161]"
3122183291,"[1544421101, 306070571, 2115491671]"
3122564522,"[1441681484, 1050013861, 1370244570, 3398901860, 850767885]"
3123500032,"[36941495, 682010995, 1050673359, 4238433624]"
3123712598,"[1203717384, 2149464820, 1076364848]"
3131909049,"[1852872937, 2153037761, 1447011169, 2798291665, 2419911791]"
3138635490,"[1642783054, 2528576493]"
3142327997,"[3913331948, 4270106183, 2054616566, 4203326193]"
3145229913,"[2529072432, 1390707377]"
3147626282,"[96208546, 2121861951, 1146909088, 4101475674, 4095724028, 1027412797, 2456710844]"
3147653776,"[2498491194]"
3148555709,"[4289038800, 4136739174, 1577350274]"
3151272434,"[3760250934, 955398943]"
3153655575,"[633659090, 1332759137]"
3155504635,"[361766238]"
3157328676,"[703370904]"
3162849104,"[1860569646, 894829625, 309860528]"
3165928866,"[1993111201, 645163767]"
3166414361,"[719337372]"
3167658465,"[3268675447]"
3169024744,"[1876951633, 108508030, 582041333]"
3172189947,"[771676713]"
3172450732,"[955398943, 1497764698, 1348209331]"
3175354507,"[1600413013, 3981414613, 1296306586, 2417342451]"
3176074542,"[429380726, 1629566665]"
3178723259,"[3325146249, 78990001, 4015174764]"
3180412264,"[442356029, 3922768537, 2196376997, 1634579219, 3368430354, 2099054781, 2597005766, 1778948864, 2971637393, 2798408743, 3475005145, 2055922065]"
3182595870,"[894829625, 479759317]"
3183278547,"[713643675, 524730890, 2048271447]"
3186268838,"[695149490, 2621503414]"
3186577794,"[1114350408, 1926323783, 3276213471]"
3187292148,"[907302600, 2401458775, 2529072432]"
3188496109,"[4227005710]"
3191212256,"[4227005710, 4227005710, 2823343043, 1429589754, 623506969]"
3191592351,"[3183605169]"
3193697919,"[1818524861]"
3193929919,"[965748273]"
3194014105,"[3314895954, 1352928000, 955398943]"
3198504537,"[2529072432, 3830416827]"
3198801990,"[2227570794, 1903444229]"
3198823658,"[1902753965, 1076364848]"
3199368063,"[1364682420, 3745441097, 3717208652, 3560570011, 2045816822, 641977154]"
3200119975,"[2453993629, 2490223551]"
3205053921,"[2763790767, 3655295959, 986099040]"
3208908819,"[491131434, 2700628625]"
3210206992,"[2148387768]"
3210719423,"[972005658]"
3210947692,"[1853182055]"
3220398573,"[2107523123, 3584210334]"
3221482892,"[3199229320, 3400311907]"
3221698850,"[567626291, 1862523963, 3654485924]"
3222079869,"[409699023, 3397274143, 1807883016, 1646459906]"
3223036396,"[2264041858, 1431039561]"
3224203982,"[3593742314, 719337372, 1601916220]"
3227661980,"[2621503414, 1058195960]"
3228579807,"[1503247688, 1327320748, 4276828707]"
3231004341,"[771676713, 1361307272, 278651783, 2977166421]"
3235544076,"[1577158093, 4271137008]"
3236041774,"[2304192929, 2925883219, 1766631338, 493246293]"
3239836164,"[771676713, 955398943, 2039358442, 2130616732, 2401458775, 2401458775, 1361307272]"
3240337776,"[2772929791, 1640004842, 2081128662]"
3242215738,"[727697060, 2769251432]"
3244067756,"[1530709861, 3642199129]"
3245391379,"[2565063347, 3190640703]"
3245671824,"[205295897]"
3251568850,"[3282344594, 2803195749, 2030801280, 920954386]"
3251840412,"[766786899, 3479738412]"
3252326922,"[3738629021, 1773230862, 723044386]"
3253486500,"[393959551, 4018399082, 3243313717, 2106859088]"
3253822509,"[2308433116, 1329440639, 306096597]"
3256961152,"[2498491194]"
3257224121,"[3240064326, 955398943]"
3258220935,"[834360181, 3022634670]"
3258281955,"[4197279783, 633659090, 2415873572, 1488068589, 939291841]"
3261632504,"[409261694, 3901918595, 2285145952, 411731753, 2905904014]"
3261647162,"[2401458775, 2039358442, 3434717258, 1692359541, 1600413013, 2529072432]"
3269471699,"[1549564349, 268816201]"
3272389348,"[3418415418, 372011842, 4279704370]"
3276463946,"[1532377761, 73460149, 2475079669, 2405536413, 1390707377, 3632072502]"
3278092752,"[621556981, 4063332351, 1976005428, 658704674]"
3279061945,"[153348140]"
3279257076,"[3584466415, 3212079634, 1390707377]"
3279316025,"[2420516619, 1118578975]"
3282509573,"[1076364848, 2007279414, 2642707561]"
3285425249,"[3785387487, 1226009206]"
3287429621,"[44096506, 2699680057, 1615467054, 605208919]"
3289417890,"[284888222, 3231605698, 1203119679, 3175590309]"
3291092348,"[2149464820, 1269035551]"
3292982761,"[2180806657, 2565498979, 1571199843]"
3294080054,"[899234866, 740269154]"
3297493554,"[997929928, 2018733266, 1577284086]"
3298977709,"[3907154058]"
3299137750,"[2106337314, 2168565918]"
3299562450,"[2844548954]"
3300092451,"[2576859096, 510796094, 3838044081, 1390707377]"
3308173668,"[1902318131, 3004520398, 3148886712]"
3310268237,"[3309338938, 2007279414, 2498491194]"
3311830643,"[268233790, 3849306291, 2007279414]"
3315282129,"[3103100779, 952519340]"
3316008620,"[2874359158, 4020623879]"
3316715342,"[3422533807, 3036332464, 618783038, 3889211600, 581543591, 1120849582]"
3318646261,"[2529072432, 1810772954, 955398943]"
3325600533,"[544929860, 2789589094, 250831543]"
3325628838,"[1386404286, 2115491671]"
3326031604,"[516796945, 4244463632]"
3330061773,"[740982915, 392004313, 4093857686]"
3330527170,"[3789029184, 1970090234]"
3330927216,"[3696948957, 2389263741, 1692359541, 2643833505, 633659090, 3770119781]"
3333431092,"[2002192497, 2607590492, 305513883]"
3336438888,"[4005826846, 2803195749, 3898592643, 2225312639]"
3338007773,"[753115138, 2413506174, 4258442948]"
3338812734,"[1946940334, 1117683378, 1557270795]"
3348417635,"[955398943]"
3350047181,"[1372844777, 2879806751]"
3350877536,"[1442934258, 3917524398, 2973911742, 1280644689]"
3357589225,"[2854622624, 3637245518]"
3357905099,"[1532377761, 719337372]"
3360609244,"[1623708266, 1074855174]"
3362701480,"[559618821]"
3365349866,"[1294433853, 2153348068, 3519129293, 4162137499]"
3365445357,"[602394192]"
3365642090,"[2465528861]"
3368619983,"[1444583217, 294072770]"
3376988073,"[3010686555, 1532377761]"
3377526627,"[645163767, 1592319948, 1810772954]"
3378002804,"[1645204489, 3382083674, 2664557225]"
3383460510,"[3360497962, 904836000]"
3384563138,"[702719295, 2133473801]"
3388914512,"[3765974734, 1337579906, 1999425207]"
3389282421,"[1592715278, 1978511331, 708384120]"
3389773360,"[349771745, 771676713, 602394192, 3691014441, 1569838328]"
3390146258,"[4276275266, 3925512770]"
3391264132,"[268233790, 2007279414]"
3394779937,"[2372750027, 3632072502, 1390707377, 1996503357, 2529072432]"
3395187066,"[2106861684]"
3395257600,"[2923175068, 1677401781, 1060275544, 588161010]"
3404441712,"[1269035551, 2149464820]"
3406326706,"[3278874120, 3966358321, 776708517, 2840835606, 2135160960, 3720406762, 1913672917, 3146904504, 1953807601, 982365060, 2849196504, 269666753, 88916665, 3183062252, 681247866, 3603231279]"
3406478396,"[3632072502]"
3408163802,"[4002702641]"
3410532659,"[2138889958]"
3410667855,"[3934491209]"
3415507920,"[2379850649, 1196882187]"
3415673411,"[1777233160, 3281954113, 3784772051, 655157595]"
3418659271,"[2554767933]"
3419376657,"[2556823820, 590427279, 2289214808]"
3421333729,"[4227005710]"
3422212913,"[573700757, 380089411]"
3424054391,"[3034266247, 2064772706]"
3427056824,"[3347318178, 1448086840, 915403718, 1699561506, 2670862154]"
3427263623,"[3453356535, 229397491, 3500815554, 2033226809]"
3430986998,"[1390707377, 1960789592, 2529072432]"
3434508639,"[1926323783, 1600413013]"
3435412352,"[1878241082, 476693272, 1435369330]"
3436715440,"[955398943, 1390707377, 268203907]"
3436781566,"[2639426191, 858726804]"
3442212683,"[4260493070]"
3452705349,"[858707451, 1129492416, 3867467983]"
3453760477,"[3246796677, 2471080346]"
3456890538,"[888120649, 3437341442, 1476508560]"
3459927853,"[2149464820, 2750813527, 2007279414, 4080944038, 2136330239, 1684651848, 3585709696, 1951611940, 3309338938]"
3460014666,"[3399444894, 3074458356, 738069322]"
3461518589,"[3583895673]"
3464554032,"[2258521927, 2777472459, 645163767]"
3464961116,"[1065265666, 4273898950]"
3466521212,"[649996922, 1066443589, 3986539073]"
3467140948,"[1532377761, 1390707377, 1044854627, 643346765]"
3467219840,"[799782433, 2428145712, 110357109]"
3467307298,"[3170312204, 3080066598, 812245858]"
3469589500,"[2529072432, 4194142958]"
3471761709,"[1816813281, 1892018889, 1269035551, 10609218]"
3474900298,"[734470389, 4034603808, 3787413647]"
3475233110,"[1574913732, 1143734836]"
3477857993,"[543405469, 3777549242, 3267580476]"
3480044787,"[229252687, 1555104795, 764214719]"
3481743878,"[1165436839, 4285155515]"
3484099744,"[3434354867, 237943335, 3195874307]"
3486057072,"[3350877007, 1742345117, 767782490, 2921824776, 1474416640]"
3488485988,"[3270933059]"
3488552280,"[3256009463, 1481528490, 63726188, 1241270051]"
3492585943,"[3275971823, 3324867589, 3028432012]"
3500240032,"[3849306291, 2007279414, 952519340]"
3502990892,"[268233790]"
3504006486,"[1964407998]"
3504868122,"[955398943, 2425916002, 2401458775, 4045444993, 2643833505, 2529072432]"
3505202339,"[3388135408]"
3505511916,"[952519340, 268233790, 1451401793]"
3507534894,"[4167632416]"
3508414044,"[1316920451, 232148793, 1761472129]"
3511155378,"[2529072432, 3300948291, 3632072502]"
3511417249,"[3849306291, 268233790, 364572656, 1076364848, 2120604435]"
3513858183,"[2073609284]"
3514195773,"[100417525, 3681758363, 1649886205, 391871409, 647263111, 2851269787, 1512723504, 813240354, 2402065294, 1907857280, 589300788, 1057272870, 3438993032, 3795093910, 1451271657, 640184889]"
3515391844,"[2760644804, 2153037761]"
3519657066,"[2965442599, 3158022870, 2415873572, 1508750870, 3158022870, 3123256869, 40477420, 1752177173, 2262994085]"
3521411736,"[1203717384]"
3525941406,"[1641407061]"
3527940337,"[3358064160, 955398943, 3276213471, 585240880]"
3530946278,"[771676713, 2643833505, 1212947698, 2130616732]"
3531604778,"[1986416649, 521858421, 1951496954]"
3535608264,"[414882286, 3731945988, 4152403083, 228340462, 3292387762, 140337530, 1494513322, 2829598154, 2628680570]"
3536031836,"[1213874055, 3923328825, 2130616732]"
3548214416,"[559618821, 2788558897, 1488068589]"
3548820422,"[1191393757, 2345709954, 477854779, 3223764684]"
3554343310,"[666088517]"
3554586211,"[3376748530, 1189597031, 3740748387, 548222146]"
3555067038,"[2556823820, 2826046335, 1646449246]"
3555641932,"[1718839450, 527915582, 152418051]"
3556981605,"[3309338938, 268233790]"
3563882371,"[2232765899, 2803907307, 1940265937, 2181644863, 2790657295, 4253737282, 2567184413]"
3565456636,"[3712322311]"
3567042309,"[1205670273, 803811392, 3929507420]"
3570943696,"[4151648493, 2235428011, 835360674]"
3573650571,"[1269035551]"
3573906831,"[1203717384, 1269035551]"
3577629547,"[3276213471, 4259189014]"
3587335204,"[3399301092]"
3591151863,"[284203489, 3023628065]"
3592311259,"[3643257179, 1721071411, 1159050153]"
3593927263,"[834360181, 948594349, 3129691238]"
3594731327,"[2621503414, 1195636083]"
3594879390,"[1699561506]"
3597496510,"[2527101577, 189463573, 2589917271]"
3598524699,"[3790866767, 2038842201]"
3598881287,"[2438579173, 3701547443, 1910904969]"
3600455391,"[4014449816, 1281252091]"
3601021922,"[892071473, 1718632192]"
3601181201,"[2415873572, 1280177873]"
3611774179,"[2769914393, 3681999765, 559455545, 218221722]"
3613178093,"[2071994542, 2758356392, 2307150378, 179926081, 1641407061]"
3614158257,"[2551881360, 3463879879, 3934491209, 445373500]"
3616798795,"[1710908750, 3687051315, 1937970808, 1389708141]"
3617843828,"[3048578499, 1269035551, 3849306291]"
3621549603,"[3593712038, 812528842, 1820258245, 1886391531]"
3622262372,"[719337372]"
3625917937,"[402856544]"
3626676306,"[1203717384, 952519340, 268233790, 2007279414, 3048578499, 2149464820]"
3626957091,"[645981714, 1116009964, 2572191829, 293516808]"
3627421819,"[2308372833]"
3628146836,"[2259759203, 828594071, 2146934064]"
3631889944,"[3968999982, 2050513696, 2643833505]"
3633091100,"[2850509209, 1121189107]"
3635047946,"[2636711710, 1177054501, 2468898182]"
3641159022,"[2436047663, 2779861533]"
3642118045,"[2090866381, 150733034]"
3643380555,"[2115491671, 622003251, 4242816413]"
3646961870,"[3838044081, 392004313]"
3654861045,"[1516467554]"
3657335672,"[268233790, 3048578499, 2073609284]"
3657701087,"[3323334871, 3326390656]"
3663559651,"[3088405938, 3108893200, 4222078796]"
3663573906,"[741936389, 3643004825]"
3668457471,"[3331186835, 1158236126]"
3669048335,"[1390707377, 719337372]"
3669515588,"[1532377761, 1390707377, 955398943]"
3669633546,"[130911918, 127371840]"
3670434254,"[1183719416, 268233790]"
3676872343,"[1544421101, 622003251, 2153037761, 3199229320]"
3680140922,"[3812153136, 4002702641]"
3680318580,"[1530709861]"
3681459280,"[1076364848, 4080944038, 1269035551]"
3685921102,"[3144013743, 966971643, 3281130769]"
3686871863,"[1810281079]"
3691949299,"[432466438, 2263960915]"
3693095617,"[1852872937, 834360181, 3118576636, 2172775349]"
3697489067,"[1811836231, 3735036412, 1600413013, 861118590, 31456310, 2355400133]"
3697799491,"[3583375355]"
3699893563,"[4025174474, 1486542415, 1007599833]"
3702967330,"[1529397314, 3305490944, 3311667000, 3385323656]"
3705805946,"[3247396557, 1681914210]"
3709066919,"[2507275690, 3535435812, 3802870894, 4057770067]"
3711334312,"[1538451457]"
3715196259,"[2760908744, 2961264393, 207490276, 2497272063, 3668054394]"
3719137321,"[454129950, 189444535]"
3719575513,"[1829625839]"
3721561384,"[3118576636, 2824024899, 3003433560, 3654419574, 3797841998]"
3723896394,"[1238533876, 1205670273, 2529072432]"
3724535659,"[1095099424, 2729267396]"
3725766398,"[1617391894, 1492218856, 2689458299]"
3726154528,"[3982608480, 1600413013]"
3732091250,"[2719491342, 3282344594, 2923175068]"
3734794530,"[25570068, 3460795809, 1798929494]"
3739086221,"[4000779658, 2182518824]"
3742693550,"[837951321, 3871210244]"
3751635372,"[519339673, 2712999658, 2529072432, 1390707377, 1532377761]"
3752474458,"[1560461306, 2986213038, 2384544175]"
3757671214,"[1413641706, 3381302269]"
3757971767,"[3735036412, 2437975546]"
3758003912,"[1619445765]"
3761442030,"[1548928340, 3929337192, 747087672]"
3761533297,"[2809906088, 1415883658, 4002798045, 3193870917]"
3765981467,"[2949402180]"
3766417922,"[434335182, 3847927617, 3939674034]"
3770864710,"[675888033]"
3771702031,"[627338344, 1776393554, 1162342688]"
3773947618,"[1776393554, 2375103731, 2479111332]"
3775078143,"[2689439975, 2916377597]"
3778197718,"[3310497450]"
3779883288,"[3692401116, 1243983393]"
3780551356,"[956986600, 312946086, 1776131749, 3788661864]"
3784315595,"[227049625, 3413747696, 1654224995]"
3787931088,"[821546192, 2073339412]"
3788009173,"[1977909542, 2824096896]"
3791414763,"[1816813281, 3849306291, 1902753965, 2007279414]"
3793249811,"[1466995652]"
3793812304,"[1044854627, 1794486525, 1390707377, 2688888297]"
3798379681,"[674497014, 2806565970, 4226852988, 2842298652]"
3799386472,"[3224717254, 1623487913, 4260493070]"
3799854455,"[907302600]"
3803199563,"[2118381839, 383607907]"
3803479601,"[510454016]"
3804509987,"[3144708352, 1178414645, 3772460243, 726501150]"
3810123859,"[2233911988, 1092072561, 496131340, 1205670273, 574261812]"
3811264923,"[1044854627, 1832462541, 2529072432, 4106186736]"
3813354209,"[1448086840, 3462111166]"
3814621161,"[2153037761, 130493588, 3199229320]"
3815063730,"[2163214170, 1262914219, 78836202, 1820863098, 1815158976, 2456081670]"
3816191065,"[3715414633]"
3818876690,"[1392829984]"
3818890017,"[1626822880, 3617481257, 2381736875, 940261225]"
3820521570,"[2063056872, 585557076]"
3823320698,"[1469291456, 782683695]"
3828329584,"[3914503223, 3986999314, 1425735917, 2239025769, 1851896511]"
3833425001,"[2644045385, 3567156235, 1151132938, 1999660851, 97210112, 214089778, 1221822553, 1684415115, 2739447505]"
3833491880,"[3648914854, 2873249283]"
3833637800,"[2415873572, 2589709809, 2047026922]"
3834655845,"[2058463423, 3973696886, 47443771, 767220247, 1053235337, 1819837770, 3766848512, 267727906]"
3835637004,"[2656631876, 1586739051, 2134184008, 3382162822, 1145218797, 1778753558, 1778753558, 766696037, 766696037, 3890693055, 3025468453, 1563203779, 1501858181, 2658489159, 4037816474, 1002636124, 414015310]"
3838242688,"[1269035551, 3103100779, 1816813281]"
3839562998,"[4140154751, 3692401116, 739733335, 1914791953]"
3841001673,"[724214959, 2415873572]"
3841524478,"[4058794884, 2133183406, 1600413013, 633659090]"
3841682652,"[1299979205, 4142583638, 1071183781]"
3842862938,"[2727714216, 3809991219, 3480624055]"
3843287866,"[955398943, 2529072432, 4268654829, 3632072502]"
3848620961,"[4281214635, 2149464820, 3849306291]"
3850128249,"[3550200025, 1646459906]"
3851487388,"[1914791953, 4140154751]"
3861589862,"[3327757331, 1122283794]"
3863123259,"[454957861, 1826591083, 13857128]"
3865016311,"[1695318607, 2456139530, 159812477]"
3866177358,"[2130616732, 4249304663, 2643833505, 955398943, 591904611]"
3866909611,"[385796824, 2361063319]"
3867241412,"[3929337192, 1111438174]"
3870800241,"[1658576759, 3548520578]"
3877440809,"[3919284079, 2187392019, 3643004825, 897667289]"
3877652693,"[2704376528, 2082389230, 1349521729]"
3878851138,"[1052866478]"
3883721026,"[519767743, 1217440720]"
3885352810,"[4126400680, 2619521100, 3988551070]"
3887778002,"[671500966, 150954316]"
3889944197,"[152155192]"
3890676452,"[290357106, 2235916835, 1888241344]"
3891396601,"[1600413013, 2529072432]"
3893362486,"[3802870894, 3632072502]"
3894667987,"[929107951, 3047117217, 3185692431, 1421210499]"
3898478698,"[142847450, 900649983, 1600413013, 2823119321]"
3903823612,"[1532377761, 1188520854, 1084042117]"
3904408941,"[2323745666, 4226607223]"
3909374079,"[4225044675, 3203638855]"
3909997753,"[1597380017, 3509100603]"
3910177999,"[1704179171, 907302600, 733567972]"
3913824397,"[3679487177, 2467445335]"
3922819697,"[1996883919, 230117918, 3603751260]"
3926920467,"[1488068589, 2920583393]"
3929074393,"[4142094256, 1601859970, 127240207]"
3930126543,"[1361307272]"
3930161610,"[1517488130, 3701581814, 2529072432]"
3934266336,"[1641491432, 519339673, 1600413013]"
3935809106,"[4194316975, 3276213471, 1600413013, 2633697384]"
3941958556,"[3735036412, 2414358105, 955398943, 1361307272, 602394192]"
3943175229,"[3839967033, 1379185675, 996491337, 2435261389, 4167096253, 4254164270, 1089632536, 1491291821, 3399197241, 1147537500, 4178250062, 3523553728, 932459990, 757252209, 258676103, 1699116640, 2713137893, 1829766016]"
3944021305,"[2251273418, 1545607295, 2825271741, 2441556923, 2403141666, 2096772901]"
3944910705,"[1203331926, 2198800626]"
3945099542,"[1708950739, 826832481]"
3946163681,"[2717718620, 719337372, 955398943, 3295999782]"
3947821070,"[2007279414, 2149464820, 3309338938, 2498491194]"
3953979752,"[1352928000, 3855266116]"
3956887319,"[3969026856]"
3961511121,"[252821798, 2297721003, 820603748, 41832525]"
3963277827,"[1343073449, 816384882]"
3964170614,"[2274599788, 1760975014]"
3965529047,"[36941495, 3722285356, 1903444229]"
3968152684,"[3781958177]"
3969691423,"[1532377761, 3503174392, 2793561755]"
3970825989,"[955989309, 2767221600]"
3972581484,"[602394192, 955398943, 1600413013, 2384544175, 349771745, 3429508261]"
3975666608,"[1076364848]"
3979775182,"[955398943, 1044854627]"
3981819420,"[1419057761, 1401905636, 4264661415]"
3986193980,"[2529072432, 2726845254, 719337372, 3315486330]"
3986539301,"[3643004825, 1514338761, 170511774, 2899306830]"
3987610774,"[2293472224, 1597380017, 3984042837, 1968459057]"
3990579831,"[1271330281, 1605110491, 738179988]"
3994781966,"[1838041662, 3504715371]"
3995442796,"[1030590642]"
3998399905,"[4032767837, 1611628639, 477927278]"
4000106370,"[3496460337, 2144500590, 2732461028]"
4001997352,"[1066839399, 37626417, 3385885030]"
4005594979,"[2979976507, 767955252, 1148122335]"
4005604348,"[1045903606, 3588120089, 4043937476, 637801371, 3965376459, 3160682436, 4043937476]"
4007830365,"[3135875350, 3409015015]"
4007974189,"[1873283368, 946418622, 3189486214]"
4012638060,"[3929337192, 2291983990, 3967878081]"
4020164258,"[1446608996, 372011842, 1746873846]"
4024053152,"[910169576]"
4024104633,"[3098796729, 4213029513, 3541488061, 1509550896]"
4026562594,"[843570927, 2086279157, 3793452317, 1068825763, 3480624055, 1064770050]"
4030714899,"[2200516096, 1121879381]"
4030798150,"[3251813967, 3315040094, 1268088620, 3509100603, 4125420656, 573886273, 4233837355]"
4032639394,"[2861875204, 445416616, 1135473702, 2559893836]"
4036343234,"[1133385189, 1209963424]"
4042546595,"[940916476, 1642028556, 1060440359, 1379671569]"
4044282675,"[3462111166, 1058195960, 2219144892, 1060275544]"
4046490355,"[723829948, 1200746292]"
4047903240,"[3982673935, 2043006756, 1433428460, 2460275226, 1568276339]"
4048868881,"[2498491194]"
4052225912,"[1269035551, 1370522761, 4080944038]"
4054029300,"[2153037761]"
4055395044,"[1532377761, 1390707377, 3314895954]"
4057542584,"[2890950285]"
4057602883,"[3782727355, 1326595643]"
4058274528,"[275986234, 3929337192, 3489853891]"
4062975904,"[4212324250]"
4066782471,"[4249304663, 2643833505]"
4067602271,"[3868972599, 2130616732]"
4070008434,"[1431441098, 1332759137, 3685139016]"
4073053389,"[4102873083, 21987917, 2437776732]"
4075466480,"[2974411380, 3367065897, 2589616173, 2505487381, 2222499316, 230681934, 3463618172, 745009494, 744858144, 2562744721, 3335640477]"
4075574010,"[659707179, 1551986507, 4179630573]"
4081761804,"[3480087256, 1146784351, 2350143315]"
4081921627,"[1107859556, 456154992, 1650425619, 3730987913, 3335267094]"
4087630383,"[2140038223, 3790866767, 2899756668, 3045233736, 2433217376]"
4089111119,"[2575170797, 2769506511]"
4101515763,"[3655295959, 3608297024]"
4101519751,"[4258442948, 615488222, 4140663220, 427097190]"
4103253513,"[152418051]"
4103923906,"[737023160, 955398943]"
4106525792,"[3592100929, 4000251470, 2324549960]"
4106927042,"[3154564127, 44093924, 3588547708, 1876364254]"
4107349498,"[2604545919, 3795400528, 3842730088, 2218325768]"
4109397627,"[3554433899]"
4111854243,"[2201545594, 3596510482, 3311509108, 4146680584]"
4115365036,"[907302600, 2643833505]"
4118821425,"[196335814, 4198728308, 3681999765]"
4119250454,"[1133385189, 3814766855]"
4120847672,"[834360181, 613582690, 4364520]"
4122019703,"[2501314150, 36941495, 3676617790, 3523716576]"
4122483286,"[158205194, 1174322982, 1940144951, 2892429018, 580944656]"
4123476974,"[1269035551]"
4124005270,"[1532377761, 3632072502, 2529072432]"
4125376571,"[1710224312, 3929507420, 230117918]"
4129856023,"[1028330395]"
4133514703,"[719337372, 827682864]"
4134124728,"[1599651156, 545994124, 3127514099]"
4135589149,"[2579225663, 3536426515]"
4135593225,"[784664260, 508297104, 2824096896, 84432624]"
4136285322,"[3315040094, 675888033, 823015621]"
4137863751,"[4201550847, 1818408219]"
4138013784,"[1205670273, 3929507420, 1464766301]"
4140744216,"[1659742236, 4183544021]"
4141359923,"[3643004825, 2806565970]"
4141924620,"[2115491671, 641950279, 4364520, 2465528861]"
4145252615,"[1811608751, 3005548418]"
4146086354,"[2247298290, 280784670, 1560792011]"
4146675310,"[2007279414, 2149464820, 1902753965]"
4151484001,"[4064214056, 3601943023, 210393825]"
4152805025,"[2071807179]"
4156731925,"[1497764698, 2157645470, 2415873572, 3429508261]"
4157365314,"[3703612480, 3210395746, 1446608996, 3578484232, 85610883, 2145977549]"
4162525077,"[263011441, 4157119717]"
4162769577,"[1716470668, 2528133963]"
4164388326,"[741936389, 3450438709, 3971391468, 3175320123]"
4165482530,"[1148012652, 1600413013]"
4168402703,"[3601943023, 1985153611, 760705045]"
4170157131,"[2191690926, 2823343043]"
4170453600,"[3071822251, 299696797, 511362023, 3898095594, 580504008]"
4171765566,"[4106186736, 955398943, 3300948291, 1532377761]"
4175659797,"[3390105219, 872052061]"
4176403253,"[232148793, 3051804335]"
4178291537,"[633242631, 4222144697]"
4179324570,"[1448086840, 780696608]"
4180930546,"[2409076523, 299139894, 1922719636]"
4181452333,"[1367385701, 1083268255, 4156355007, 3331390995]"
4181468602,"[3841472085, 760085504, 2015759069]"
4181543522,"[1076364848, 1269035551, 2007279414]"
4185115186,"[1076364848]"
4185425091,"[3089507532, 824593257]"
4186528243,"[1076364848, 952519340]"
4188511767,"[4080944038, 1076364848, 2007279414, 2149464820]"
4190165036,"[1600413013, 3632072502]"
4190879012,"[2154137211, 3051234166, 2164283591, 516999313, 2078281088]"
4192733318,"[3081875998, 2530774373]"
4195660981,"[897667289, 3008735981, 3217855831]"
4196666928,"[810618772, 1076364848]"
4197193550,"[1638915826, 1628057176, 3180156897]"
4198845543,"[1991938600, 2150848115, 2115491671]"
4199616576,"[82886770, 1290210464, 1826343214, 2714876429, 2953981660, 400356575, 270532321]"
4200601044,"[443617544]"
4202081674,"[3655295959, 2099424186]"
4202112938,"[753115138]"
4205646791,"[3753704467, 2748209109, 2286155514, 3807386691]"
4206209185,"[2007279414, 1269035551, 3103100779, 1902753965]"
4206471336,"[1203717384]"
4206915288,"[3704776276]"
4207448575,"[4237843812]"
4213772349,"[877168999, 4238714895]"
4214369322,"[4105603749, 1384103878, 776090102, 134992377]"
4217222631,"[955398943, 4198564536, 3273695084, 2860418664, 613942852, 3404987729]"
4219701031,"[3480624055]"
4220962429,"[1124649470, 1950128895, 1611840162, 29180020]"
4222590338,"[1615092494, 2434399746, 1224903972, 1986416649, 300004583]"
4226575687,"[186104502, 914532885, 645163767]"
4232243965,"[1330949688, 2803195749]"
4233914020,"[251609489]"
4235386848,"[69137172, 1775336793, 127371840]"
4238321438,"[2664832740]"
4239378941,"[215333035]"
4239616087,"[1753827631, 2659423239, 1395960049]"
4239920443,"[2853909310]"
4244109605,"[4234138929, 3852416626, 1024681142, 124610391, 3863898170]"
4246010516,"[3735036412]"
4246728549,"[1361307272, 2489566262, 45687644, 2529072432, 602394192, 4116595591]"
4247553940,"[4155847923, 4150407592]"
4247824186,"[1390707377, 3632072502]"
4257951883,"[881849271, 183080593, 2422402842]"
4261865653,"[1548928340, 530307239, 322219501, 3480624055, 2621503414]"
4262496040,"[4239674720, 2555143768, 955398943, 4260484947]"
4264591455,"[2149464820]"
4268611130,"[3503466480, 1921275, 1767211808]"
4275037038,"[1611840162]"
4276320842,"[3418830493]"
4282954307,"[2168072348, 3879978209, 1838698560, 3431614259, 104070, 1683157650, 2328883039, 3924453080]"
4285564534,"[663767875, 1168380708, 675426904]"
4286635694,"[3162029336, 281688155, 124989980, 1868620616]"
4288238269,"[373308576, 3867317684, 1347934681]"
4291083982,"[558937896]"
4293103086,"[598708806, 1431416915]"
